ADVANTIS;PC14 - 10670;RACK HORIZONTAL SALAS VIDEOCONFERENCIA;2
AKG;HT40;MICROFONO;1
AKG;SR40 FLEXX PRO DIVERSITY;RECEPTOR MICROFONIA;1
ALBIRAL;17AIVM DVI;MONITOR;1
ALBIRAL;AH17TXHDGA;MONITOR;13
AMPETRONIC;C10 -1 N;AMPLIFICADOR;1
AMX;HPX 1200;CAJA CONEXIONES;14
AMX;NI-700;CONTROLADORA;1
AMX;NX 1200;CONTROLADORA;4
AMX;NX-1200;CONTROLADORA;1
AMX;AMX EXB-COM2;EXPANSOR;1
AMX;MSD-431I;PANEL TACTIL;3
AMX;MST 701;PANEL TACTIL;1
AMX;MST-431I;PANEL TACTIL;1
AMX;MST-701I;PANEL TACTIL;1
AMX;MXT-701;PANEL TACTIL;1
APART;MA125;AMPLIFICADOR;2
APPLE;3ªGEN;APPLE TV;1
APPLE;APPLE TV 4 GEN;APPLE TV;3
APPLE;APPLE TV 4 GEN;COMPARTICION INALAMBRICA;3
APPLE;MR7G2TY;IPAD;1
APPLE;APPLE TV;MIRRORING;1
ARTHUR HOLM;AH19DX216GA2M2P;MONITOR;16
ATEN;UE3310;EXTENSOR;1
ATTEROTECH;UNDIO2X2;DANTE;3
AUDINATE;AVIO-A-2OUT-EB;CONVERSOR;2
AUDIO-TECHNICA;ATND1061;MICROFONO;1
AUSTRALIAN MONITOR;AMIS 120;AMPLIFICADOR - MEZCLADOR;2
AUSTRALIAN MONITOR;AMIS 120;MEZCLADOR AUDIO;1
AVER;VB342;BARRA;9
AVER;VB342 BARRA;BARRA;5
AVER;VB342+;BARRA;2
AVER;VB342;BARRA USB VIDEOCONFERENCIA;1
AVER;VB342;BARRA VIDEOCONFERENCIA;69
AVER;VC520+;BARRA VIDEOCONFERENCIA;1
AVER;VC520PRO;BARRA VIDEOCONFERENCIA;1
AVER;342+;CAMARA;1
AVER;520PRO;CAMARA;1
AVER;CAM 520 PRO POE;CAMARA;6
AVER;CAM520 PRO;CAMARA;2
AVER;CAM520 PRO 3;CAMARA;1
AVER;CAM520 PRO POE;CAMARA;1
AVER;CAM520 PRO3;CAMARA;2
AVER;CAM520PRO POE;CAMARA;10
AVER;CAM550;CAMARA;2
AVER;P0-A5-AVER;CAMARA;1
AVER;PTC 500S;CAMARA;1
AVER;PTC310H;CAMARA;5
AVER;PTC500S;CAMARA;1
AVER;PTZ 330;CAMARA;1
AVER;VB 342+;CAMARA;1
AVER;VB342;CAMARA;5
AVER;VC520;CAMARA;6
AVER;VC520 PRO;CAMARA;1
AVER;VC520+;CAMARA;7
AVER;VC520PRO;CAMARA;5
AVER;CAM 550;CAMARA IP;1
AVER;VC520;EXPANSION MICROFONO;1
AVER;VC520 PRO SPKPH;MICRO SETA CAMARA;1
AVER;60U0100000AB;MICROFONO;1
AVER;VC520;MICROFONO;4
AVER;VC520 PRO;MICROFONO;2
AVER;VC520+;MICROFONO;5
AVER;VC520PRO;MICROFONO;2
AVER;VC520+;SOUND STATION;1
AVER;VB342;VIDEOCONFERENCIA;1
AVER;VC520PRO;VIDEOCONFERENCIA;2
AVER CONFERENCE;VC520;CAMARA;1
AVOCOR;AV6530;MONITOR TACTIL;1
AVOCOR;AV6530;PANTALLA;1
AVOCOR;AVE8630;PANTALLA;1
B-TECH AV MOUNTS;BT7052;SOPORTE;2
B.MONJE;BM-SLCDRM;SOPORTE PARED;3
BACHMANN;TOPFRAME;CAJA CONEXIONES;102
BALTA;PE300-2WCB;PANTALLA DE PROYECCION;2
BARCO;CLICK SHARE;PRESENTADOR;1
BEHRINGER;ULTRAGAIN PRO-8;CONVERSOR;1
BEHRINGER;UCA202;INTERFAZ AUDIO USB;2
BEHRINGER;ULTRAGAIN PRO 8 DIGITAL (ADA8000);PREVIO BEHRINGER;1
BEYER DINAMIC;ORBIS CU;SISTEMA DE DEBATE;1
BEYER DYNAMIC;TG 1000;MICROFONO;1
BEYER DYNAMIC;TG1000;RECEPTOR INALAMBRICO;1
BEYER ORBIS;MU21;MICROFONO;16
BEYERDYNAMIC;TG500H-C;MICROFONIA;3
BIAMP;TESIRA CONNECT TC-5;DISTRIBUIDOR;2
BIAMP;FORTÉ DAN VT4;DSP;1
BIAMP;TESIRA FORTÉ AI;DSP AUDIO;1
BIAMP;NEXIA VC;MEZCLADOR AUDIO;2
BIAMP;TESIRA FORTE VI;MEZCLADOR AUDIO;1
BIAMP;TESIRA PARLÉ TCM-1;MICRO BEAMTRACKING;3
BIAMP;TESIRA PARLE TCM-X;MICROFONO;6
BIAMP;TESIRA PARLE TCM-XEX;MICROFONO;6
BIAMP;TESIRA PARLÉ TCM-1;MICROFONO;1
BIAMP;TESIRA PARLÉ TCM-X;MICROFONO;2
BIAMP;TESIRA PARLÉ TCM-XEX;MICROFONO;10
BIAMP;TESIRA PARLÉ TCM-X;MICROFONO EXTENSOR;4
BIAMP;TARJETA DANTE;PROCESADOR AUDIO;1
BIAMP;TESIRA CONNECT TC-5;PROCESADOR AUDIO;1
BIAMP;TESIRA CONNECT TC5;PROCESADOR AUDIO;1
BIAMP;TESIRA FORTE CI;PROCESADOR AUDIO;2
BIAMP;TESIRA FORTE DAN CI;PROCESADOR AUDIO;2
BIAMP;TESIRA FORTE DAN-CI;PROCESADOR AUDIO;1
BIAMP;TESIRA FORTE VI;PROCESADOR AUDIO;1
BIAMP;TESIRAFORTÉ AVB CI;PROCESADOR AUDIO;3
BIAMP;TESIRAFORTÉ AVB CI.;PROCESADOR AUDIO;1
BIAMP;TESIRAFORTÉ CI;PROCESADOR AUDIO;1
BIAMP;FORTE AL;PROCESADOR DE AUDIO;2
BIAMP;NEXIA;PROCESADOR DE AUDIO;2
BIAMP;TESIRA;PROCESADOR DE AUDIO;1
BIAMP;TESIRA FORTE;PROCESADOR DE AUDIO;1
BIAMP;TESIRAFORTE AI;PROCESADOR DE AUDIO;1
BIAMP;TESIRAFORTE AVB VT4;PROCESADOR DE AUDIO;1
BIAMP;TESIRAFORTÉ AVB CI;PROCESADOR DE AUDIO;2
BIAMP;TESIRAFORTÉ AVB VT4;PROCESADOR DE AUDIO;4
BITTNER;BASIC 400;AMPLIFICADOR;6
BITTNER;BASIC 800;AMPLIFICADOR;1
BLACK BOX;IC408A;EMISOR USB;1
BLACK BOX;IC408A;RECEPTOR USB;1
BLACKMAGIC;ULTRASTUDIO 4K MINI;CAPTURADORA;1
BLUESTREAM;HD11AU;EMBEBEDOR AUDIO;5
BLUESTREAM;HD11AU;EMBEBEDOR DE AUDIO;6
BLUESTREAM;HD11AU;EMBEBEDOR/DESEMBEBEDOR AUDIO;1
BLUESTREAM;HD11AU;EMBEBEDOR/DESESMBEBEDOR AUDIO;1
BLUESTREAM;HD11AU;HDMI EMBEBEDOR/DESEMBEBEDOR;1
BLUESTREAM;AMF41W;PASADOR;1
BLUSTREAM;HD11AU;HDMI EMBEBEDOR/DESEMBEBEDOR;4
BLUSTREAM;AMF41W;MULTIVENTANA;1
BMONJE;BM-SLCDRG;SOPORTE PARED;2
BMONJE;BM-SLCDRM;SOPORTE PARED;2
BMONJE;BMSLCDRM;SOPORTE PARED;3
BOSCH;LB1-UM20E-D;ALTAVOZ;3
BOSCH;DCNM-WCH05;CARGADOR DICENTIS;4
BOSCH;BOSCH INT-TX08;DCN;1
BOSCH;DCN - TYPE LBB 4402/00;DCN - EXPANSOR;2
BOSCH;DCN INT TX08;DCN - INFRARROJOS;1
BOSCH;LBB4402/00;DISTRIBUIDOR;2
BOSCH;CONCENTRUS;MICROFONO;48
BOSCH;DCN-CON;MICROFONO;10
BOSCH;DCN-DISDCS-L;MICROFONO;40
BOSCH;DCN-DVCS;MICROFONO;25
BOSCH;LBB4144/00;MICROFONO;15
BOSCH;DCN-CONCS;MICROFONO MESA;19
BOSCH;DCN-IDESK-D;PUPITRE;1
BOSCH;DCN-IDESK-L;PUPITRE;5
BOSCH;LBB4144/00;PUPITRES AUDIO;15
BOSCH;LBB4511/00;RADIADOR IR;1
BOSCH;INT-TX04;TRANSMISOR RADIADOR;2
BOSCH;DCN - CCU LBB 4100/00;UNIDAD CONTROL MICROFONIA;1
BOSCH;DCN-CCU;UNIDAD CONTROL MICROFONIA;4
BOSCH;DCN-CCU2;UNIDAD CONTROL MICROFONIA;6
BOSCH;DCN-CCUB;UNIDAD CONTROL MICROFONIA;3
BOSCH;DCN-CCUB-2;UNIDAD CONTROL MICROFONIA;1
BOSCH;INT-TX08;UNIDAD CONTROL MICROFONIA;1
BOSCH;LBB4402/00;UNIDAD CONTROL MICROFONIA;1
BOSE;LIFESTYLE N123;ALTAVOCES;1
BOSE;INACCESIBLE;ALTAVOCES (X2);1
BOSE;INACCESIBLE;ALTAVOCES (X4);3
BOSE;DS100SE;ALTAVOZ;4
BOSE;FREESPACE;ALTAVOZ;4
BOSE;FREESPACE 3;ALTAVOZ;8
BOSE;FREESPACE DS 100SE WH;ALTAVOZ;4
BOSE;FREESPACE DS100F;ALTAVOZ;32
BOSE;UL 1480;ALTAVOZ;4
BOSE;1600SERIEVI;AMPLIFICADOR;2
BOSE;2150.0;AMPLIFICADOR;1
BOSE;MA200;AMPLIFICADOR;2
BOSE;TONEMATCH T1;PREVIO AUDIO USB;1
BRIGHTSIGN;XD1034;PLAYER CARTELERIA;2
BRIGHTSIGN;LS423;REPRODUCTOR;2
CAMCO;VORTEX 2.6;AMPLIFICADOR;1
CANON;CR-N100;CAMARA;1
CANON;CR-N300;CAMARA;4
CHIEF;CM2L40UI;SOPORTE PANTALLA;2
CISCO;CP-8831;AUDIOCONFERENCIA;1
CISCO;QUAD CAMERA;BARRA CISCO;1
CISCO;CISCO ROOM KIT;BARRA VIDEOCONFERENCIA;10
CISCO;CISCO ROOM PRO;BARRA VIDEOCONFERENCIA;3
CISCO;CAB-USBC-AC-9M;CABLE C;2
CISCO;CISCO P60;CAMARA;1
CISCO;CISCO PTZ 4K;CAMARA;2
CISCO;CISCO PTZ-4K;CAMARA;1
CISCO;CISCO QUAD CAMERA;CAMARA;1
CISCO;CTS-CAM-P60;CAMARA;4
CISCO;EVI-X200C;CAMARA;2
CISCO;P60;CAMARA;13
CISCO;PRECISION 60;CAMARA;3
CISCO;PRECISION HD 1080P;CAMARA;1
CISCO;PTZ 4K;CAMARA;9
CISCO;PTZ4K;CAMARA;5
CISCO;QUAD CAMERA;CAMARA;30
CISCO;QUADCAM;CAMARA;3
CISCO;ROOM VISION PTZ;CAMARA;2
CISCO;TTC8-02;CAMARA;1
CISCO;CEILING MICROPHONE PRO;MICROFONO;2
CISCO;CISCO TELEPRESENCE TABLE MICROPHONE 20;MICROFONO;2
CISCO;TABLE 20 TTC5-06;MICROFONO;1
CISCO;TABLE MICROPHONE;MICROFONO;4
CISCO;TABLE MICROPHONE 20;MICROFONO;11
CISCO;TABLE MICROPHONE MINI JACK (V1);MICROFONO;223
CISCO;TABLE MICROPHONE MINI JACK (V2);MICROFONO;59
CISCO;TTC5-06;MICROFONO;1
CISCO;CISCO TELEPRESENCE TABLE MICROPHONE 20;MICROFONO MESA;1
CISCO;TABLE MICROPHONE MINI JACK (V1);MICROFONO MESA;4
CISCO;TABLE MICROPHONE MINI JACK (V2);MICROFONO MESA;1
CISCO;TTC5-06;MICROFONO MESA;1
CISCO;CISCO ROOM NAVIGATOR;PANEL CISCO;12
CISCO;CISCO TOUCH 10;PANEL CISCO;2
CISCO;CISCO ROOM NAVIGATOR;PANEL TACTIL;347
CISCO;CISCO TOUCH 10;PANEL TACTIL;58
CISCO;ROOM NAVIGATO;PANEL TACTIL;1
CISCO;ROOM NAVIGATOR;PANEL TACTIL;42
CISCO;TOUCH 10;PANEL TACTIL;31
CISCO;TOUCH 10 TTC5-09;PANEL TACTIL;1
CISCO;WEBEX ROOM NAVIGATOR;PANEL TACTIL;1
CISCO;CP-7937G;TELEFONO IP;5
CISCO;CP-7945G;TELEFONO IP;8
CISCO;CP-7961;TELEFONO IP;1
CISCO;CP-7962G;TELEFONO IP;5
CISCO;CP-7975G;TELEFONO IP;1
CISCO;CP-8831;TELEFONO IP;2
CISCO;CISCO ROOM NAVIGATOR;TOUCH PANEL;4
CISCO;CISCO TOUCH 10;TOUCH PANEL;9
CISCO;BOARD 55;VIDEOCONFERENCIA;1
CISCO;BOARD 70;VIDEOCONFERENCIA;2
CISCO;BOARD PRO 55 G2;VIDEOCONFERENCIA;1
CISCO;CISCO CODEC PLUS;VIDEOCONFERENCIA;1
CISCO;CISCO IP CONFERENCE STATION 7937;VIDEOCONFERENCIA;1
CISCO;CISCO ROOM BAR PRO;VIDEOCONFERENCIA;1
CISCO;CISCO ROOM KIT EQ;VIDEOCONFERENCIA;2
CISCO;CODEC PLUS;VIDEOCONFERENCIA;4
CISCO;CS-DESK-K9;VIDEOCONFERENCIA;2
CISCO;CS-DESKMINI-K9;VIDEOCONFERENCIA;1
CISCO;CS-KIT-K9;VIDEOCONFERENCIA;4
CISCO;EQ;VIDEOCONFERENCIA;3
CISCO;MINI SPARK ROOM KIT;VIDEOCONFERENCIA;2
CISCO;MX 300;VIDEOCONFERENCIA;1
CISCO;ROOM 55;VIDEOCONFERENCIA;1
CISCO;ROOM BAR;VIDEOCONFERENCIA;4
CISCO;ROOM BAR BYOD;VIDEOCONFERENCIA;8
CISCO;ROOM BAR PRO;VIDEOCONFERENCIA;25
CISCO;ROOM KIT;VIDEOCONFERENCIA;2
CISCO;ROOM KIT EQ;VIDEOCONFERENCIA;12
CISCO;ROOM KIT PLUS;VIDEOCONFERENCIA;5
CISCO;ROOM KIT PRO;VIDEOCONFERENCIA;9
CISCO;ROOMBAR PRO;VIDEOCONFERENCIA;1
CISCO;SPARK ROOM KIT;VIDEOCONFERENCIA;285
CISCO;SPARK ROOM KIT PLUS;VIDEOCONFERENCIA;1
CISCO;SX20;VIDEOCONFERENCIA;3
CISCO;WEBEX BOARD 70;VIDEOCONFERENCIA;3
CISCO;WEBEX BOARD PRO;VIDEOCONFERENCIA;1
CISCO;WEBEX BOARD PRO 55;VIDEOCONFERENCIA;2
CISCO;WEBEX ROOM 70 SINGLE;VIDEOCONFERENCIA;1
CISCO;WEBEX ROOM BAR;VIDEOCONFERENCIA;3
CISCO;WEBEX ROOM BAR PRO;VIDEOCONFERENCIA;71
CISCO;WEBEX ROOM EQ;VIDEOCONFERENCIA;17
CISCO;WEBEX ROOM EQ QUADCAM;VIDEOCONFERENCIA;14
CISCO IP;NP;TELEFONO;1
COMM-TEC;CP-MO120;PANTALLA DE PROYECCION;5
COMMTEC SCREEN;ELECTRIC MASTER II;PANTALLA MECANIZADA;1
CREST;CPX-1500;AMPLIFICADOR;1
CREST;CPX 900;ETAPA POTENCIA;1
CRESTON;UC-SB1-CAM;BARRA;2
CRESTON;US-CB- 1CAM;BARRA;1
CRESTON;PRO 2 PROFESSIONAL RACK2;CONTROL PROCESOR;1
CRESTON;CPX 1500;ETAPA DE POTENCIA;1
CRESTON;LC 3000B;PANEL TACTIL;1
CRESTRON;UC-SB1-CAM;BARRA;22
CRESTRON;UC-SB1-CAM;BARRA VIDEOCONFERENCIA;18
CRESTRON;UC-SB1-CAM;CAMARA;47
CRESTRON;CP-3;CONTROLADORA;1
CRESTRON;CP4;CONTROLADORA;1
CRESTRON;CP4-N;CONTROLADORA;1
CRESTRON;CP4N;CONTROLADORA;2
CRESTRON;MC4;CONTROLADORA;10
CRESTRON;MC4 (PC);CONTROLADORA;8
CRESTRON;RMC4;CONTROLADORA;8
CRESTRON;HD-DA4-4KZ-E;DISTRIBUIDOR;1
CRESTRON;HD-DA8-4KZ-E;DISTRIBUIDOR;5
CRESTRON;HDPS-402;DISTRIBUIDOR;1
CRESTRON;HD DA4 4KZ E;DISTRIBUIDOR VIDEO;1
CRESTRON;DSP-1283;DSP AUDIO;1
CRESTRON;HD-TX-101-C-E;EMISOR HDBASET;2
CRESTRON;HD-TXC-4KZ-101;EMISOR HDBASET;3
CRESTRON;DM-NVX-360;EMISOR VIDEO;1
CRESTRON;DM-NVX-D30;EMISOR VIDEO;1
CRESTRON;DM-NVX-E30;EMISOR VIDEO;5
CRESTRON;HD-PS402;ESCALADOR;1
CRESTRON;HD-RX-4K-510-CE;ESCALADOR;8
CRESTRON;HD-RXU-4KZ-101-E;EXTENSOR;2
CRESTRON;HD-RXU-4KZ-101-E DM;EXTENSOR;9
CRESTRON;HD-TXU-4KZ-211-CHGR;EXTENSOR;9
CRESTRON;HD-TXU-4KZ-211-CHRG;EXTENSOR;2
CRESTRON;HD-WP-4K-401-C;MULTIVENTANA;1
CRESTRON;ST 1700C;PANEL TACTIL;2
CRESTRON;TS-1070;PANEL TACTIL;8
CRESTRON;TS-1070-B-S;PANEL TACTIL;1
CRESTRON;TS-770 (M201923005);PANEL TACTIL;1
CRESTRON;TSS-70;PANEL TACTIL;1
CRESTRON;TSW-1060-B-S;PANEL TACTIL;1
CRESTRON;TSW-1070-B-S;PANEL TACTIL;2
CRESTRON;TSW-760-B-S;PANEL TACTIL;1
CRESTRON;TSW-770-BS;PANEL TACTIL;6
CRESTRON;HD-CTL-101;PASARELA;4
CRESTRON;CEN-IO-RY-104;PASARELA MODULO RELE;3
CRESTRON;CEN-IO-RY-104;PASARELA RELE;4
CRESTRON;CEN-IO-COM-102;PASARELA RS232;1
CRESTRON;DIN-8SW8-I;PULSADORES PANTALLAS;2
CRESTRON;HD-RX-101-C-E;RECEPTOR;2
CRESTRON;DM-NVX-D30;RECEPTOR DE VIDEO;39
CRESTRON;HD-RX-101-C-E;RECEPTOR HDBASET;1
CRESTRON;HD-RX-4K-410-C-E;RECEPTOR HDBASET;2
CRESTRON;HD-RXC-4KZ-101;RECEPTOR HDBASET;3
CRESTRON;DM-NVX D20;RECEPTOR VIDEO;6
CRESTRON;DM-NVX D200;RECEPTOR VIDEO;4
CRESTRON;DM-NVX-D20;RECEPTOR VIDEO;8
CRESTRON;DM-NVX-D200;RECEPTOR VIDEO;8
CRESTRON;DM-NVX-D30;RECEPTOR VIDEO;25
CRESTRON;DM-NVX-D351;RECEPTOR VIDEO;2
CRESTRON;DM-NVX-D363;RECEPTOR VIDEO;1
CRESTRON;DM-NVX-E30;RECEPTOR VIDEO;2
CRESTRON;DM-TRRX-100-STR;RECEPTOR VIDEO;1
CRESTRON;HD-RX-4KZ-101;RECEPTOR VIDEO;5
CRESTRON;HD-RXC-4KZ-101;RECEPTOR VIDEO;1
CRESTRON;HD-MD4X1-4K-E;SWITCH 4X1 (RACK);1
CRESTRON;DM-NVX-E30;TRANSMISOR DE VIDEO;16
CRESTRON;DM-NVX 360;TRANSMISOR VIDEO;1
CRESTRON;DM-NVX D363;TRANSMISOR VIDEO;1
CRESTRON;DM-NVX E20;TRANSMISOR VIDEO;9
CRESTRON;DM-NVX-351;TRANSMISOR VIDEO;3
CRESTRON;DM-NVX-360;TRANSMISOR VIDEO;3
CRESTRON;DM-NVX-D30;TRANSMISOR VIDEO;2
CRESTRON;DM-NVX-E20;TRANSMISOR VIDEO;14
CRESTRON;DM-NVX-E30;TRANSMISOR VIDEO;64
CRESTRON;DM-TRRX-100-STR;TRANSMISOR VIDEO;1
CRESTRON;HD-TX-101-C-E;TRANSMISOR VIDEO;2
CRESTRON;HD-TX-4KZ-101;TRANSMISOR VIDEO;5
CRESTRON;HDRX101C-E;TRANSMISOR VIDEO;1
CRESTRON;UC-B30-T;VIDEOCONFERENCIA;1
CRESTRON;UC-SB1-CAM;VIDEOCONFERENCIA;1
CRESTRON;CP4N;↳CONTROLADORA;1
CROWN;CTS 1200;AMPLIFICADOR;1
CROWN;XLI 800;ETAPA DE POTENCIA;1
D LINK;DGS – 1008 MP;SWITCHER;1
DANTE;SWITCH TP- LINK;SWITCH;4
DATAPATH;HX4;CONTROLADORA;1
DATAPATH;VSN1172;CONTROLADORA VW;1
DATAPATH;VSN1172;↳CONTROLADORA VW;1
DBX;AFS 224;SUPRESOR FEEDBACK;1
DELL;2407WFTB;MONITOR;1
DELL;P1917S;MONITOR;1
DELL;E228WFPC;MONITOR TRABAJO/REF.;1
DICENTIS;DCNM-WD;MICROFONO;39
DICENTIS;DCNM-WDE;MICROFONO;1
DICENTIS;DCNM-WAP;UNIDAD CONTROL MICROFONIA;2
DIMASA;FLEXR;SOPORTE PANTALLA;1
DIMASA;CONRUEDAS;TOTEM;1
DIMASA;FLEX-R;TOTEM;1
DIMASA;MIF FLEX;TOTEM;1
DIMASA;CONRUEDAS;TOTEM PANTALLA;3
DIMASA;FLEX -R;TOTEM PANTALLA;1
DIMASA;FLEX-R;TOTEM PANTALLA;2
DIMASA;MIF-FLEX;TOTEM PANTALLA;1
EAW;CAZ800;AMPLIFICADOR;1
ECLER;CA120;MINI AMPLIFICADOR;1
EDUSTAND;EDUMOVE;SOPORTE PANTALLA;1
ELECOM 2;ELECOM-2 PRO;PANTALLA DE PROYECCION;1
ELGATO;CAM LINK 4K;CAPTURADORA VIDEO;2
ELITE SCREENS;ELECTRIC100XH;PANTALLA ELECTRICA;1
ELITESCREEN;PE300-2WCB;PANTALLA DE PROYECCION;1
ELITESCREEN;PE300-2WCB PREMIUM FRONTAL;PANTALLA DE PROYECCION;1
ELITESCREEN;SK110NXW-E10;PANTALLA DE PROYECCION;1
ELITESCREEN;STARLING 120;PANTALLA DE PROYECCION;1
EMP-1825;KG5F8Y0246L;PROYECTOR;1
EPSON;ELPHD02;CONTROLADORA PROYECTOR;8
EPSON;1825 3LCD;PROYECTOR;1
EPSON;1915.0;PROYECTOR;1
EPSON;1985WU;PROYECTOR;1
EPSON;EB 1955;PROYECTOR;1
EPSON;EB- 1985WU;PROYECTOR;1
EPSON;EB- 810E;PROYECTOR;1
EPSON;EB-1485F;PROYECTOR;1
EPSON;EB-1485FI;PROYECTOR;19
EPSON;EB-1825;PROYECTOR;1
EPSON;EB-1915;PROYECTOR;3
EPSON;EB-1955;PROYECTOR;2
EPSON;EB-1980WU;PROYECTOR;2
EPSON;EB-1985WU;PROYECTOR;1
EPSON;EB-2040;PROYECTOR;1
EPSON;EB-700U;PROYECTOR;1
EPSON;EB-805F;PROYECTOR;1
EPSON;EB-G5300;PROYECTOR;4
EPSON;EB-G5600;PROYECTOR;2
EPSON;EB-L530U;PROYECTOR;4
EPSON;EB-L610U;PROYECTOR;1
EPSON;EB-L630U;PROYECTOR;16
EPSON;EB-L690U;PROYECTOR;5
EPSON;EB1830;PROYECTOR;1
EPSON;EB1915;PROYECTOR;1
EPSON;EB1985WU;PROYECTOR;1
EPSON;EMP 1815;PROYECTOR;1
EPSON;EMP-1825;PROYECTOR;1
EPSON;EMP-830;PROYECTOR;1
EPSON;EMP830;PROYECTOR;1
EPSON;L630U;PROYECTOR;2
EPSON;NP;PROYECTOR;1
ETC;RSN-MIDI-P;GW.MIDI;1
EXTRON;SI26X;ALTAVOZ;2
EXTRON;DTP HD DA8 4K 230;AMPLIFICADOR;1
EXTRON;MPA 122 MINI POWER AMPLIFIER;AMPLIFICADOR;1
EXTRON;CABLE CUBBY 1202;BOTONERA;1
EXTRON;MLC 62 RS;BOTONERA;3
EXTRON;MLC 62 RS CC;BOTONERA;5
EXTRON;CABLE CUBBY 1200 (202EU);CAJA DE MESA;3
EXTRON;CABLE CUBBY 1200 NEGRO 70-1037-02;CAJA DE MESA;5
EXTRON;P/2 DA2XI MT;CONMUTADOR 2/1 VGA;1
EXTRON;MDL, VCM100 AAP BLACK;CONTROL AMPLIFICADORES;2
EXTRON;IPCP 250 PRO;CONTROLADORA;1
EXTRON;IPCP PRO 250;CONTROLADORA;12
EXTRON;IPCP PRO 250 1843;CONTROLADORA;1
EXTRON;IPCP PRO 550;CONTROLADORA;1
EXTRON;IPCP PRO250;CONTROLADORA;1
EXTRON;DPM‑HDF 4K PLUS;CONVERSOR;3
EXTRON;DTP HDMI 230TX;CONVERSOR;1
EXTRON;RGBHDMI 300A;CONVERSOR;4
EXTRON;DA2;DISTRIBUIDOR;2
EXTRON;DA4 HD 4K PLUS;DISTRIBUIDOR;1
EXTRON;DA6;DISTRIBUIDOR;3
EXTRON;DTP HDMI 230 TX;DISTRIBUIDOR;1
EXTRON;DTP T DSW 4K 233;DISTRIBUIDOR;1
EXTRON;SW4 DVI A PLUS;DISTRIBUIDOR;1
EXTRON;SW4 HD 4K;DISTRIBUIDOR;1
EXTRON;HDMI D6;DISTRIBUIDOR HDMI;1
EXTRON;HDMI DA2;DISTRIBUIDOR HDMI;1
EXTRON;DTP HD DA8 230;DISTRIBUIDOR VIDEO;1
EXTRON;DVS 605;DVS;1
EXTRON;DTP HDMI 230 TX;EMISOR HDBASET;1
EXTRON;605.0;ESCALADOR;1
EXTRON;DVS 605;ESCALADOR;4
EXTRON;DVS 605A;ESCALADOR;2
EXTRON;DVS-605;ESCALADOR;2
EXTRON;DVS-605-A;ESCALADOR;4
EXTRON;IN 1608SA;ESCALADOR;3
EXTRON;IN 1608XI;ESCALADOR;1
EXTRON;IN1604;ESCALADOR;3
EXTRON;IN1604 HD;ESCALADOR;12
EXTRON;IN1604HD;ESCALADOR;6
EXTRON;IN1606;ESCALADOR;1
EXTRON;IN1608XI;ESCALADOR;1
EXTRON;DVS 605A;ESCALADOR ANEXO AUDITORIO;1
EXTRON;IN1606;ESCALADORA;1
EXTRON;RX DTP3 R 201;EXTENSOR VIDEO;5
EXTRON;TX DTP3 R 201;EXTENSOR VIDEO;1
EXTRON;TX DTP3 T 202;EXTENSOR VIDEO;7
EXTRON;SMP 300;GRABADOR;1
EXTRON;CB-100-010525;KIT BOTONES;8
EXTRON;CROSSPOINT 84 4K;MATRIZ;1
EXTRON;DMP 128 PLUS;MATRIZ;1
EXTRON;DTP CROSSPOINT 108;MATRIZ;4
EXTRON;DTP CROSSPOINT 108 4K;MATRIZ;2
EXTRON;DTP CROSSPOINT 1608 4K;MATRIZ;1
EXTRON;DTP CROSSPOINT 82 4K;MATRIZ;1
EXTRON;DTP CROSSPOINT 84 4K;MATRIZ;1
EXTRON;EXTRON CROSSPOINT 108 4K;MATRIZ;1
EXTRON;IN1608;MATRIZ;1
EXTRON;MMX 32 VGA A;MATRIZ;1
EXTRON;MVX SERIES;MATRIZ;1
EXTRON;CROSSPOINT SERIES WITCHES;MATRIZ VIDEO;1
EXTRON;DTP CROSSPOINT 84 4K;MATRIZ VIDEO;1
EXTRON;DTP3 CROSSPOINT 884;MATRIZ VIDEO;1
EXTRON;MVC 121 PLUS;MEZCLADOR AUDIO;1
EXTRON;MVC 121;MEZCLADOR DE AUDIO;1
EXTRON;MVC-121 PLUS;MEZCLADOR DE AUDIO;1
EXTRON;TLP PRO 725M;PANEL TACTIL;3
EXTRON;TLP PRO 725T;PANEL TACTIL;3
EXTRON;TLP PRO 1220 MG;PANTALLA TACTIL;1
EXTRON;IPCP PRO 250;PROCESADOR CONTROL IP;1
EXTRON;DTP 60-1271-13;RECEPTOR;1
EXTRON;DTP HDMI 230 RX;RECEPTOR;1
EXTRON;DTP HDMI 4K 230 RX;RECEPTOR;6
EXTRON;DTP HDMI 4K 230 RX;RECEPTOR VIDEO;52
EXTRON;DTP T DSW 4K 233;SELECTOR;1
EXTRON;IN1604 HD;SELECTOR;1
EXTRON;IN1606;SELECTOR;1
EXTRON;IN1608;SELECTOR;1
EXTRON;SW2 VGA DA2A;SELECTOR CONMUTADOR VGA;1
EXTRON;UTS 100;SOPORTE PARED;1
EXTRON;DTP T DSW 4K 333;SWITCH;2
EXTRON;SW4 HD 4K;SWITCH;2
EXTRON;MVX SERIES;SWITCH/SELECTOR;1
EXTRON;EXTRON AXI 22 AT;TARJETA DANTE;2
EXTRON;EXTRON AXI 44 AT;TARJETA DANTE;1
EXTRON;DTP HDMI 4K 230 TX;TRANSMISOR;1
EXTRON;HAE 100;TRANSMISOR AUDIO;1
EXTRON;DTP HDMI 230 TX;TRANSMISOR VIDEO;6
EXTRON;DTP HDMI 4K 230 RX;TRANSMISOR VIDEO;3
EXTRON;DTP HDMI 4K 230 TX;TRANSMISOR VIDEO;44
EXTRON;DTP T DSW 4K 233;TRANSMISOR VIDEO;2
EXTRON;DTP T USW 233;TRANSMISOR VIDEO;3
FLEX NEWLINE;FLEX - TT-2721;MONITOR;1
FOCURSITE SCARLETT;18I8;INTERFAZ AUDIO;1
FOHHN;DLI-130;COLUMNA FON DLI-130 DANTE;2
FONESTAR;STS-40106P;TOTEM;1
FONESTAR;CONRUEDAS;TOTEM PANTALLA;1
FONESTAR;RL38;TOTEM PANTALLA;6
FUJITSUSIEMENS;ESPRIMO;PC;1
GEFEN;EXT-DVI-1CAT5-SR-CO;EXTENSOR;1
GEFEN;EXTENDER FOR HDMI DTV S;EXTENSOR;1
GEFEN;TOOLBOX;TRANSMISOR VIDEO;2
GENELEC;4010A;ALTAVOCES;11
GENELEC;4010AM;ALTAVOCES;1
GENELEC;4010AW;ALTAVOCES;8
GENELEC;4020C;ALTAVOCES;1
GENELEC;4410A;ALTAVOCES;2
GENELEC;8000-444B;ALTAVOCES;1
GENELEC;4010 WM;ALTAVOZ;2
GENELEC;4010A;ALTAVOZ;2
GENELEC;4010AM;ALTAVOZ;15
GENELEC;4010AW;ALTAVOZ;62
GENELEC;4020AW;ALTAVOZ;2
GENELEC;4020C;ALTAVOZ;6
GENELEC;4410 DANTE;ALTAVOZ;2
GENELEC;4010AW;CAJAS ACUSTICAS;4
GENELEC;4010AW-6;CAJAS ACUSTICAS;1
GENELEC;8000-422W;SOPORTE ALTAVOCES;3
GENELEC;8000-422B/W;SOPORTE ALTAVOZ;30
GENELEC;8000-422W;SOPORTE ALTAVOZ;2
GENELEC WHITE;4020C;ALTAVOZ;2
GENIUS;PT;ALTAVOCES;1
GUDE;EXPERT POWER CONTROL 2304-1;PASARELA RELE;1
HERCULES;XPS 2.0 35 USB;ALTAVOCES;1
HILTON;C2P2;SOPORTE PANTALLA;2
HILTON;C2P2;TOTEM;1
HITACHI;CP-RX94;PROYECTOR;1
HP;E24 G4 FHD;MONITOR;1
HP;600 G4;PC;3
HP;600 G4 DESKTOP MINI;PC;1
HP;600 G4 MINI;PC;1
HP;600 MINI G4;PC;4
HP;COMPAQ;PC;2
HP;COMPAQ PRODESK 600 G4 DM;PC;1
HP;ELITE DESK 800 G5;PC;1
HP;ELITE DESK 800 G5 DESKTOP MINI;PC;1
HP;ELITEDESK 800 G3 MINI;PC;1
HP;ELITEDESK 800 G4 SFF;PC;1
HP;ELITEDESK 800 G5;PC;4
HP;ELITEDESK SFF 800 G5;PC;1
HP;ELITEDESK SFF 800 G9;PC;1
HP;HP COMPAQ PRODESK 600 G4 DM;PC;1
HP;HP ELITE DESK 800 G5;PC;1
HP;HP PROBOOK 640 G2;PC;1
HP;PRODESK 600 G4;PC;7
HP;PRODESK 600 G4 DM;PC;1
HP;PRODESK 600D4;PC;1
HP;PRODESK 600G4;PC;2
HP;PRODESK G4;PC;2
HP;HP PRODESK;PC SALA;1
HP;PROBOOK 640;PORTATIL;1
HUAWEI;IFP-UG65;PANTALLA;1
IIYAMA;LH4340S-B1;PANTALLA;4
INDETERMINADA;P PROYECCION;PANTALLA DE PROYECCION;2
INDETERMINADA;PANTALLAPROYECCIÓN;PANTALLA DE PROYECCION;1
INDETERMINADA;PROYECCION INDETERMINADA;PANTALLA DE PROYECCION;1
INDETERMINADA;P PROYECCION;PANTALLA PROYECCION;3
INDETERMINADA;SOPORTE;SOPORTE;3
INDETERMINADA;TECHO;SOPORTE;4
INDETERMINADA;CON RUEDAS;TOTEM;3
INDETERMINADA;CONRUEDAS;TOTEM;6
INDETERMINADA;CONRUEDAS;TOTEM PANTALLA;2
INDETERMINADA;SINRUEDAS;TOTEM PANTALLA;1
INDETERMINADO;PROYECCION INDETERMINADO;PANTALLA DE PROYECCION;2
INDETERMINADO;PROYECCION INDETERMINADO;PANTALLA RETROPROYECCION;1
INDETERMINADO;CON RUEDAS;TOTEM;2
INDETERMINADO;CONRUEDAS;TOTEM;3
INDETERMINADO;SINRUEDAS;TOTEM;1
INDETERMINADO;CON RUEDAS;TOTEM PANTALLA;2
INDETERMINADO;CONRUEDAS;TOTEM PANTALLA;1
INOGENI;U-CAM;CONVERSOR;1
JABRA;PANACAST 50;BARRA;5
JABRA;PANACAST 50;BARRA VIDEOCONFERENCIA;1
JABRA;PANACAST 50;VIDEOCONFERENCIA;1
JABRA;PANACAST;WEBCAM;6
JUST ADD POWER;VBS-HDIP705 POE;TRANSMISOR AUDIO;2
JVC;XV-N316;DVD;1
KAPTIVO;WALL MOUNT CAMERA;CAPTURADOR PANTALLA;3
KAPTIVO;WALL MOUNT CAMARA;CAPTURADORA PANTALLA;1
KAPTIVO;KW100;CONVERSOR;1
KAPTIVO;KW100;CONVERSOR CATX - HDMI;3
KNOX;RS16*16HB;ROUTINGSWITCHER;1
KRAMER;DIP-31;DISTRIBUIDOR;1
KRAMER;VM-2HXL;DISTRIBUIDOR VIDEO;1
KRAMER;DIP-31M;ESCALADOR;2
KRAMER;VP-440X;ESCALADOR;1
KRAMER;VP-461;ESCALADOR;1
KRAMER;VS 211XS;ESCALADOR;1
KRAMER;DIP-31;SELECTOR;3
KRAMER;DIP-31M;SELECTOR;2
LDA;XC-65;ALTAVOCES TECHO;4
LDA;MAP6-100;ETAPA DE POTENCIA;1
LENOVO;KU-1619;KIT TECLADO Y RATON;1
LENOVO;10V8S01F00;PC;1
LENOVO;8300.0;PC;2
LENOVO;910Q;PC;1
LENOVO;920Q;PC;2
LENOVO;M10B4;PC;1
LENOVO;M10Q;PC;1
LENOVO;M70Q;PC;4
LENOVO;M70Q GEN5;PC;1
LENOVO;M72 I3;PC;1
LENOVO;M910;PC;2
LENOVO;M910Q;PC;25
LENOVO;M920Q;PC;107
LENOVO;M92P;PC;1
LENOVO;M93 I3;PC;1
LENOVO;M93 P;PC;1
LENOVO;M93P;PC;3
LENOVO;THINKCARE M72E I3;PC;1
LENOVO;THINKCARE M73;PC;1
LENOVO;THINKCARE M93P;PC;1
LENOVO;THINKCENTRE M910Q;PC;6
LENOVO;THINKCENTRE M920;PC;1
LENOVO;THINKCENTRE M920 TINY;PC;1
LENOVO;THINKCENTRE M920Q;PC;35
LENOVO;THINKCENTRE M93P;PC;6
LENOVO;TINY;PC;1
LENOVO;M920Q;PC SALA;1
LENOVO;THINKCENTRE M920Q;SIN CATEGORIA;1
LENOVO TINY;THINKCENTRE M920Q;PC;1
LG;CVBA;CONTROLADORA;1
LG;75XS4G-BJ;MONITOR;8
LG;75XS4P-B;MONITOR;1
LG;FLATRON M3200C-SAF;MONITOR;1
LG;BU50NST;PROYECTOR;4
LG;LGBU50NST;PROYECTOR;9
LIGHTWARE;MMX8X8-HDMI-4K-A-USB20;MATRIZ;1
LIGHTWARE;UCX-4X2-HC30;MATRIZ;7
LOGITECH;886-000056;ALTAVOZ;1
LOGITECH;C-U0036;CAM;1
LOGITECH;C-U0036;CAMARA;1
LOGITECH;GROUP;CAMARA;3
LOGITECH;LOGITECH GRUOP;CAMARA;1
LOGITECH;K400+;KIT TECLADO Y RATON;3
LOGITECH;K750;KIT TECLADO Y RATON;1
LOGITECH;K850;KIT TECLADO Y RATON;1
LOGITECH;MK700;KIT TECLADO Y RATON;6
LOGITECH;MX3200;KIT TECLADO Y RATON;1
LOGITECH;MX5500;KIT TECLADO Y RATON;1
LOGITECH;Y-RAL57;KIT TECLADO Y RATON;1
LOGITECH;989-000171;MICROFONO;1
LOGITECH;LOGITECH GRUOP;MICROFONO;1
LOGITECH;1911LZ0A1MQ9;PASADOR;1
LOGITECH;LOGITECH R400;PASADOR;1
LOGITECH;R400;PASADOR;1
LOGITECH;SPOTLIGHT;PASADOR;5
LOGITECH;WIRELESS PRESENTER R400;PASADOR;2
LOGITECH;LOGITECH SCRIBE;PIZARRA INTERACTIVA;1
LOGITECH;LOGITECH MX 3200 LASER;RATON;1
LOGITECH;MX MASTER;RATON;2
LOGITECH;PERFORMANCE MX;RATON;3
LOGITECH;MX5500 REVOLUTION;RATON INALAMBRICO;1
LOGITECH;NP;RATON INALAMBRICO;3
LOGITECH;PERFORMANCE MX;SIN CATEGORIA;1
LOGITECH;886-000056;SOUNSTATION;1
LOGITECH;K400;TECLADO;3
LOGITECH;K400 PLUS;TECLADO;1
LOGITECH;K400 PLUS TV;TECLADO;14
LOGITECH;K400+;TECLADO;24
LOGITECH;K750;TECLADO;7
LOGITECH;MK700;TECLADO;1
LOGITECH;MK710;TECLADO;5
LOGITECH;MX3200;TECLADO;5
LOGITECH;MX5500 REVOLUTION;TECLADO;1
LOGITECH;NP;TECLADO;1
LOGITECH;WIRELESS SOLAR K750;TECLADO;2
LOGITECH;K400;TECLADO INALAMBRICO;6
LOGITECH;MK700/MK710;TECLADO Y RATON;2
LOGITECH;K400;TECLADO/RATON;1
LOGITECH;K400 PLUS TV;TECLADO/RATON;1
LOGITECH;K400+;TECLADO/RATON;9
LOGITECH;K850;TECLADO/RATON;1
LOGITECH;MK710;TECLADO/RATON;27
LOGITECH;MX 3200 LÁSER;TECLADO/RATON;1
LOGITECH;MX 5500;TECLADO/RATON;2
LOGITECH;MX3200;TECLADO/RATON;1
LOGITECH;GRUPO LOGITECH;VIDEOCONFERENCIA;1
LOGITECH;C 170;WEBCAM;1
LOGITECH;HD C920;WEBCAM;1
LOGITECH;PRO5000;WEBCAM;1
LOGITECH;QUICKCAM PRO 5000;WEBCAM;1
M-AUDIO;BLX1288/MX53;TARJETA SONIDO EXTERNA;1
MATROX;MONARCH LCS;GRABADOR;1
MATROX;DM-NVX-D30;RECEPTOR DE VIDEO;2
MEYER SOUND;MM-4XP;ALTAVOZ;4
MICROSOFT;WIRELESS DISPLAY ADAPTER;DONGLE MSDISPLAY;1
MICROSOFT;WIRELESS DISPLAY ADAPTER NUEVO;DONGLE MSDISPLAY;1
MICROSOFT;MS DISPLAY ADAPTER;MIRRORING;1
MICROSOFT;1733.0;WIRELESS DISPLAY;3
MITSUBISHI;X400BU;PROYECTOR;1
MITSUBISHI;XL1U;PROYECTOR;2
MITSUBISHI;XL30U;PROYECTOR;2
MITSUBISHI;XL9U;PROYECTOR;1
MONITOR AUDIO;PRO-65;ALTAVOCES TECHO;10
MONITOR AUDIO;PRO-65;ALTAVOZ;8
MONITOR AUDIO;IA 60-12;ETAPA DE POTENCIA;2
MONITOR AUDIO;ICS-8;SUBWOOFER TECHO;2
N-AUDIO;MIC-1;AMPLIFICADOR MIC;1
N-AUDIO;MIC1;AMPLIFICADOR MIC;2
NEC;E654;PANTALLA;3
NEC;P605UL;PROYECTOR;1
NEC;P627UL;PROYECTOR;1
NEMKO;H140;AMINO;1
NETGEAR;GS305EP;SWITCH;9
NETGEAR;GS308EPP;SWITCH;2
NETGEAR;GS308PP;SWITCH;1
NETGEAR;GSM 4212UX;SWITCH;1
NETGEAR;GS305P;SWITCH POE;2
NETGEAR;GS305EPP;SWITCHER;1
NEW LINE LYRA;TT-5521Q;PANTALLA;1
NEWLINE;FLEX;MONITOR;2
NEWLINE;TT-2721;MONITOR;2
NEWLINE;TT-2721AI0;MONITOR;1
NEWLINE;X7;MONITOR;2
NEWLINE;TT-2721AIO;MONITOR TACTIL;9
NEWLINE;S34A650UBU;MONITOR TRABAJO/REF.;1
NEWLINE;X7;PANTALLA;2
NORTHBAYOU;AVA1500-60-1P;TOTEM;1
NOVASTAR;VX600;CONTROLADORA;1
NOVASTAR;VX400;CONTROLADORA VIDEOWALL;1
NP;NP;PANTALLA DE PROYECCION;3
OPUS;NE500;MICROFONO;1
PANASONIC;AJ-D250;DVC PRO;1
PANASONIC;TH-42PF30ER;PANTALLA;1
PANASONIC;TH-50PF20ER;PANTALLA;1
PANASONIC;PT-VMZ61;PROYECTOR;1
PANASONIC;PTMZ670;PROYECTOR;2
PANPHONICS;AA-160;ALTAVOZ;1
PANPHONICS;PANPHONICS SSHA120X20;ALTAVOZ;2
PANPHONICS;AA-160;AMPLIFICADOR DANTE;1
PHILIPS;B-LINE 70BFL2214/12;MONITOR;1
PHILIPS;BRILLIANCE 19B1CB/00;MONITOR;1
PHILIPS;50PUS6162/12;PANTALLA;1
PHILIPS;55BDL3050Q;PANTALLA;2
PHILIPS;65PUS6162/12;PANTALLA;4
PHILIPS;70BFL2214;PANTALLA;2
PHILIPS;70BFL2214/12;PANTALLA;5
PHILLIPS;55BDL3050Q;PANTALLA;2
PINANSON;SA SMC 32;MALETA RACK PRENSA;1
PINANSON;P740603;SPLITER;1
PINANSON;SPP X12;SPLITTER PRENSA;1
PIONEER;PD-M426;CD MULTICOMP;1
PIONEER;KRP-600M;PANTALLA;2
PIONEER;CT-W208R;STEREO DOUBLE CASSETTE DECK;1
PIONNER;DV-340;DVD;1
PIONNER;43MXE1;PANTALLA;4
PLANET;ICS-110;PASARELA;1
PLUS SCREEN;135” PE300-2WF;PANTALLA;1
PLUSSCREEN;INACCESIBLE;PANTALLA ELECTRICA;4
POLKAUDIO;SURROUNDBAR3000;BARRA SONIDO;1
POLYCOM;SOUNDSTATION2;AUDIOCONFERENCIA;1
POLYCOM;POLYCOMSTUDIO;HANG OUTERS;1
PT;PT;PC;1
Q-SYS;FLEX 8;DSP;1
Q-SYS;CORE 8 FLEX;PROCESADOR AUDIO;1
Q-SYS;CORE 8 FLEX;SP DANTE;1
QSC;CX-Q 2K4;ETAPA DE SONIDO;2
QSC;Q-SYS CORE 11OF;MEZCLADOR AUDIO;1
QSC;Q-SYS CORE 8 FLEX;MEZCLADOR AUDIO;1
QSC;CORE 24 F;PROCESADOR AUDIO;1
QSC;CORE 24 F;↳TARJETA DANTE;1
RCS;BA - 120C;ETAPA DE POTENCIA;1
SAMGUNG;QB65N;PANTALLA;1
SAMSUNG;SV-5000W;DIGITAL SYSTEMCONVERSION;1
SAMSUNG;SNOWJAU;DISTRIBUIDOR VW;6
SAMSUNG;WM55H;FLIPCHART;2
SAMSUNG;713BM;MONITOR;1
SAMSUNG;OM75D-W;MONITOR;58
SAMSUNG;QB55R;MONITOR;1
SAMSUNG;QB65C;MONITOR;5
SAMSUNG;QB65H;MONITOR;75
SAMSUNG;QB65R;MONITOR;2
SAMSUNG;QB65R-B;MONITOR;1
SAMSUNG;QB75N;MONITOR;1
SAMSUNG;QM55C;MONITOR;2
SAMSUNG;QMC43C;MONITOR;2
SAMSUNG;SYNCMASTER 320 PX;MONITOR;1
SAMSUNG;UE60J6200AK;MONITOR;1
SAMSUNG;QB55R-B;MONITOR TACTIL;1
SAMSUNG;LS34A650UBUXE;MONITOR TRABAJO/REF.;1
SAMSUNG;"65""";PANTALLA;2
SAMSUNG;320P;PANTALLA;1
SAMSUNG;75.0;PANTALLA;1
SAMSUNG;DM32D;PANTALLA;3
SAMSUNG;DM55D;PANTALLA;4
SAMSUNG;DM55E;PANTALLA;8
SAMSUNG;DM65D;PANTALLA;20
SAMSUNG;DM65E;PANTALLA;6
SAMSUNG;DM82D;PANTALLA;3
SAMSUNG;LH55DME;PANTALLA;2
SAMSUNG;LH55QMBEBGCXE;PANTALLA;4
SAMSUNG;LH65QBHPLGC/EN;PANTALLA;3
SAMSUNG;LH65QBHPLGC/EN- QB65H;PANTALLA;1
SAMSUNG;LH65QBREBGCXEN;PANTALLA;2
SAMSUNG;LH85QMNE;PANTALLA;2
SAMSUNG;ME95C;PANTALLA;1
SAMSUNG;P0-A5-MON-65;PANTALLA;1
SAMSUNG;PM43H;PANTALLA;18
SAMSUNG;PS51D450A2WXXC;PANTALLA;1
SAMSUNG;Q875B;PANTALLA;1
SAMSUNG;QB43-B;PANTALLA;6
SAMSUNG;QB43B;PANTALLA;4
SAMSUNG;QB43R;PANTALLA;11
SAMSUNG;QB50B;PANTALLA;2
SAMSUNG;QB55B;PANTALLA;6
SAMSUNG;QB55C;PANTALLA;6
SAMSUNG;QB55N;PANTALLA;7
SAMSUNG;QB55R;PANTALLA;71
SAMSUNG;QB55R-B;PANTALLA;59
SAMSUNG;QB65;PANTALLA;2
SAMSUNG;QB65B;PANTALLA;11
SAMSUNG;QB65C;PANTALLA;25
SAMSUNG;QB65H;PANTALLA;2
SAMSUNG;QB65N;PANTALLA;20
SAMSUNG;QB65R;PANTALLA;205
SAMSUNG;QB65R-B;PANTALLA;264
SAMSUNG;QB75B;PANTALLA;1
SAMSUNG;QB75C;PANTALLA;6
SAMSUNG;QB75H;PANTALLA;1
SAMSUNG;QB75N;PANTALLA;7
SAMSUNG;QB75R;PANTALLA;21
SAMSUNG;QB85C;PANTALLA;1
SAMSUNG;QB875R;PANTALLA;1
SAMSUNG;QBC-65;PANTALLA;1
SAMSUNG;QM32R-B;PANTALLA;9
SAMSUNG;QM43B;PANTALLA;5
SAMSUNG;QM75C;PANTALLA;1
SAMSUNG;QM75R-B;PANTALLA;1
SAMSUNG;QM98T-B;PANTALLA;1
SAMSUNG;SYNCMASTER 710N;PANTALLA;1
SAMSUNG;UE40B6000;PANTALLA;1
SAMSUNG;UE60J6200AK;PANTALLA;1
SANSUNG;QB55R;PANTALLA;1
SANSUNG;QB65R-B;PANTALLA;1
SCREEN LINE;SCREEN LINE;PANTALLA ELECTRICA;1
SCT;RC5-HE;RECEPTOR HDBASET;1
SENHEISER;SENHEISER EM2050;RECEPTOR;1
SENNHEISER;E835;MICROFONO;4
SENNHEISER;HSP2 CLIP;MICROFONO;1
SENNHEISER;MKE 2-EW GOLD;MICROFONO;1
SENNHEISER;SK;MICROFONO;2
SENNHEISER;SK2000;MICROFONO;4
SENNHEISER;SK2000 516-558 MHZ;MICROFONO;2
SENNHEISER;SK2000 558-626 MHZ;MICROFONO;4
SENNHEISER;SKM 2000.;MICROFONO;1
SENNHEISER;SKM-S;MICROFONO;2
SENNHEISER;SKM2000 516-558 MHZ;MICROFONO;2
SENNHEISER;SKM2000 558-626 MHZ;MICROFONO;4
SENNHEISER;SL CEILING MIC 2;MICROFONO;3
SENNHEISER;EM-2050;RECEPTOR MICROFONO;3
SENNHEISER;EM2050 516-558 MHZ;RECEPTOR MICROFONO;2
SENNHEISER;EM2050 558-626 MHZ;RECEPTOR MICROFONO;4
SENNHEISER;EW-D EM;RECEPTOR MICROFONO;2
SENNHEISER;EW300 G3;RECEPTOR MICROFONO;1
SENNHEISER;BT T100;TRANSMISOR;1
SERI STYLU;HILTON C2P2;TOTEM PANTALLA;1
SERYSTILU;HILTON C2P2;TOTEM;1
SHURE;BLX88 S8;ANTENA;1
SHURE;UA8-518-598;ANTENA UA8 SHURE;1
SHURE;SBC203;BASE CARGA MICROFONO;5
SHURE;UA884SWB;DISTRIBUIDOR;1
SHURE;SBC203;ESTACION DE CARGA DE ACOPLAMIENTO DOBLE PARA BATERIA DE IONES DE LITIO SB903;2
SHURE;ANI4IN;INTERFACE DE AUDIO DANTE, PARA MIC ANALOGICO A DIGITAL DANTE;4
SHURE;ANIUSB-MATRIX;MATRIZ;1
SHURE;SHURE 185;MICRO LAVALIER;1
SHURE;BLX-1 H8E;MICRO PETACA;1
SHURE;BLX1288/W85 COMBO S8;MICROFONIA;13
SHURE;BLX88;MICROFONIA;1
SHURE;MX396;MICROFONIA;2
SHURE;MX418 D/C;MICROFONIA ATRIL;1
SHURE;A412B;MICROFONO;1
SHURE;BLX 1 HBE;MICROFONO;2
SHURE;BLX 1 S8;MICROFONO;2
SHURE;BLX1;MICROFONO;18
SHURE;BLX1 H8E;MICROFONO;3
SHURE;BLX1 HBE;MICROFONO;1
SHURE;BLX1 S8;MICROFONO;1
SHURE;BLX1288;MICROFONO;1
SHURE;BLX1288/W85 COMBO S8;MICROFONO;2
SHURE;BLX1288E;MICROFONO;1
SHURE;BLX1H8E;MICROFONO;1
SHURE;BLX2 H8E;MICROFONO;1
SHURE;BLX2 HBE;MICROFONO;1
SHURE;BLX2 S8;MICROFONO;3
SHURE;BLX2/SM58;MICROFONO;19
SHURE;BLX24R/SM58;MICROFONO;2
SHURE;BLX288/PG58-H8E;MICROFONO;2
SHURE;BLX4R H8E;MICROFONO;2
SHURE;BLX88;MICROFONO;1
SHURE;MICROFLEX A412B;MICROFONO;1
SHURE;MX418 D/C;MICROFONO;3
SHURE;MX418 D/N;MICROFONO;1
SHURE;MX418/D;MICROFONO;1
SHURE;MX53;MICROFONO;1
SHURE;MX920-S;MICROFONO;2
SHURE;MXA920;MICROFONO;2
SHURE;MXA920 SQUARE ROUND BLANCO;MICROFONO;2
SHURE;MXA920W;MICROFONO;1
SHURE;MXA920W DANTE;MICROFONO;1
SHURE;MXA920W-S;MICROFONO;4
SHURE;PG58;MICROFONO;2
SHURE;PGX4;MICROFONO;3
SHURE;SHURE MXA310W;MICROFONO;1
SHURE;SLXD1;MICROFONO;4
SHURE;SLXD2;MICROFONO;4
SHURE;SM58;MICROFONO;1
SHURE;SR450;MICROFONO;3
SHURE;WL185;MICROFONO;4
SHURE;BLX2 H8E;MICROFONO MANO;1
SHURE;MIX 396/C TRI;MICROFONO MESA;2
SHURE;BLX1 H8E;MICROFONO SOLAPA;1
SHURE;MXA 920W-S-60;MICROFONO TECHO;3
SHURE;BLX1288/MX53;MICROFONOS;1
SHURE;SLX D4D;RECEPTOR;1
SHURE;BLX88 RECEPTOR;RECEPTOR AUDIO;1
SHURE;BLX88 H8E;RECEPTOR MICROFONIA;2
SHURE;BLX88 HBE;RECEPTOR MICROFONIA;1
SHURE;SLXD1;RECEPTOR MICROFONIA;3
SHURE;SLXD4D;RECEPTOR MICROFONIA;3
SHURE;BG58;RECEPTOR MICROFONO;1
SHURE;BLX1;RECEPTOR MICROFONO;1
SHURE;BLX1288/W85 COMBO S8;RECEPTOR MICROFONO;3
SHURE;BLX1288E/W85-H8E;RECEPTOR MICROFONO;1
SHURE;BLX4R;RECEPTOR MICROFONO;5
SHURE;BLX88;RECEPTOR MICROFONO;2
SHURE;SLX4 L4 (638-662 MHZ);RECEPTOR MICROFONO;1
SHURE;SLXD4D;RECEPTOR MICROFONO;4
SHURE;ULXP4;RECEPTOR MICROFONO;2
SHURE;BLX1288;SISTEMA MICROFONIA;1
SHURE;SLXD1;TRANSMISOR AUDIO;1
SHURE;SLXD2/SM58;TRANSMISOR MICROFONIA;3
SHURE;MXA 920W-S-60;↳TARJETA DANTE;3
SMART;PODIUM 524;MONITOR;4
SMART;PODIUM 524;MONITOR TACTIL;1
SMART;PODIUM ID422W;MONITOR TACTIL;1
SMARTPODIUM;ID422W;MONITOR;1
SONY;INACCESIBLE;ALTAVOCES (X14);1
SONY;EVI-X2000C;CAMARA;4
SONY;SRG-A12;CAMARA;3
SONY;SRG-X400;CAMARA;7
SONY;FWD 32LX1R;MONITOR;1
SONY;FWD- 46EX650P;MONITOR;1
SONY;LMD-150S;MONITOR;11
SONY;SONY TV *01;MONITOR;1
SONY;55XE8001;PANTALLA;2
SONY;65XE8501;PANTALLA;2
SONY;BRAVIA KDL-48W605B;PANTALLA;2
SONY;BRAVIA65W855A;PANTALLA;1
SONY;BRAVIAKDL46EX653;PANTALLA;1
SONY;FE-65XE8501;PANTALLA;2
SONY;FW - 65X8570C;PANTALLA;8
SONY;FW - X8570C;PANTALLA;1
SONY;FW-55XE8001;PANTALLA;1
SONY;KD 65X8505B;PANTALLA;1
SONY;KD-65X8505B;PANTALLA;1
SONY;KD-75XE9405;PANTALLA;2
SONY;KDL 65W855A;PANTALLA;1
SONY;KDL-55W802A;PANTALLA;7
SONY;KDL-65HX920;PANTALLA;2
SONY;KDL-65W855A;PANTALLA;7
SONY;VPL PHZ10;PROYECTOR;1
SONY;VPL-FH31;PROYECTOR;4
SONY;VPL-FHZ131L;PROYECTOR;1
SONY;VPL-FHZ65;PROYECTOR;2
SONY;VPL-FHZ700L;PROYECTOR;1
SONY;VPL-PHZ10;PROYECTOR;20
SOUNDCRAFT;EPM6.;MESA DE SONIDO;1
SOUNDCRAFT;SPIRIT DIGITAL 328;MESA SONIDO;1
SOUNDTUBE;RS500I;CAJA ACUSTICA;1
SPACE;ADTP_TO;PANTALLA DE PROYECCION;1
SPACE;NP;PANTALLA DE PROYECCION;1
STC;RC5-CE;EMISOR HDBASET;1
STEELCASE;ROOMWIZARD II;PANTALLA ROOMWIZARD;45
STEELCASE;ROOMWIZARD II;SENALETICA;1
STYLU;HILTON C2P2;TOTEM PANTALLA;2
STYLU;HILTON C2P2;TOTEM PIE CON RUEDAS;1
TARGUS;DOCK 192-A;DOCK STATION;14
TARGUS;DOCK-190C;DOCK STATION;6
TARGUS;DOCK182;DOCK STATION;22
TARGUS;DOCK192;DOCK STATION;3
TARGUS;DOCK192;DOCKING STATION;1
TARGUS;DOCK180;DOCKSTATION;1
TARGUS;DOCK180EUZ;DOCKSTATION;14
TESIRA;TESIRA 12*8;DSP;1
TESIRA;TESIRA FORTE VI;PROCESADOR AUDIO;1
THOMANN;EV EVID 4.2 BLACK;ALTAVOCES;2
TOSHIBA;T350;PROYECTOR;1
TOSHIBA;TDP-T355;PROYECTOR;1
TP-LINK;TL-SG1005LP;SWITCH;3
TRAULUX;SPT-82120;SOPORTE PROYECTOR;7
TRAULUX;CONRUEDAS;TOTEM PANTALLA;3
TRIPLEPAY;TPS-SPI-4;AMINO;4
UNBRANDED;HHC-N8I8OP;PASARELA MODULO RELE;2
UNILUMIN;SMD 1,5;VIDEOWALL;1
VIETA;DO-8;ALTAVOZ;4
VOGEL;CON RUEDAS;TOTEM PANTALLA;1
VOGEL'S;FD 2064 S TOTEM;TOTEM;3
VOGELS;PVA 5050;BANDEJA CAMARA;14
VOGELS;PVF 4112;MUEBLE;1
VOGELS;MRF-1RP4;SOPORTE;1
VOGELS;PFW 4510;SOPORTE;6
VOGELS;PPC 1585 SOPORTE;SOPORTE;4
VOGELS;PPC1585;SOPORTE;1
VOGELS;PVA 5070;SOPORTE;1
VOGELS;SOUND 3550;SOPORTE CAMARA;1
VOGELS;FD 2064S;SOPORTE DE PIE;1
VOGELS;CONNECT IT TROLLEY;SOPORTE PANTALLA;2
VOGELS;FD 2064 S;SOPORTE PANTALLA;2
VOGELS;FD 2064S;SOPORTE PANTALLA;5
VOGELS;PFW4510;SOPORTE PANTALLA;3
VOGELS;T1844;SOPORTE PANTALLA;30
VOGELS;T1844B;SOPORTE PIE;1
VOGELS;PPC 1555;SOPORTE PROYECTOR;1
VOGELS;PPC 1585;SOPORTE PROYECTOR;2
VOGELS;PPC1585;SOPORTE PROYECTOR;1
VOGELS;SIN RUEDAS;TOTEM;1
VOGELS;T1844B;TOTEM MONITOR;1
VOGELS;CONNECT-IT TROLLEY;TOTEM PANTALLA;15
VOGELS;CONRUEDAS;TOTEM PANTALLA;3
VOGELS;FD 2064 S;TOTEM PANTALLA;7
VOGELS;FD2064S;TOTEM PANTALLA;1
VOGELS;PUC 2718S;TOTEM PANTALLA;1
VOGELS;SINRUEDAS;TOTEM PANTALLA;4
VOGEL´S;PIE SIN RUEDAS;TOTEM PANTALLA;1
VPL;VPL-PHZ10;PROYECTOR;1
XILICA;SONIA -C5;ALTAVOZ;2
XILICA;SONIA C-5;ALTAVOZ;2
XILICA;SONIA AMP;AMPLIFICADOR;1
XILICA;SONIA-AMP;AMPLIFICADOR;1
XILICA;SOLARO QR1;PROCESADOR AUDIO;4
YAMAHA;MS101-4;ALTAVOZ;1
YAMAHA;01V96;MESA DE MEZCLAS;1
YAMAHA;01V96;MESA DE SONIDO;1
YAMAHA;01V96;MESA MEZCLAS;1
YEALIMK;CDW90;BASE MICRO INALAMBRICO;1
YEALINK;A40;BARRA;3
YEALINK;MEETING BAR A30;BARRA DE VIDEO;1
YEALINK;A20-010;BARRA VIDEOCONFERENCIA;1
YEALINK;A40;BARRA VIDEOCONFERENCIA;8
YEALINK;MEETINGBAR A30;BARRA VIDEOCONFERENCIA USB;1
YEALINK;A40-010;CAMARA;2
YEALINK;UVC85;CAMARA;1
YEALINK;VCH51;CONVERSOR HDMI USBC;1
YEALINK;VCH51;EXTENSOR;8
YEALINK;MVC;EXTENSOR BYOD;1
YEALINK;CP50;MICROFONO;1
YEALINK;CPE40;MICROFONO;1
YEALINK;VCM35;MICROFONO;13
YEALINK;CPE40;MICROFONO/ALTAVOZ;3
YEALINK;CPE50;MICROFONO/ALTAVOZ;1
YEALINK;WPP3D;PRESENTATION PDD;1
YEALINK;A20-010;VIDEOCONFERENCIA;7
YEALINK;MEETING BAR A40;VIDEOCONFERENCIA;1
YEALINK;UVC85;VIDEOCONFERENCIA;1
