ADVANTIS;1;2
AKG;2;2
ALBIRAL;2;14
AMPETRONIC;1;1
AMX;10;28
APART;1;2
APPLE;5;9
ARTHUR HOLM;1;16
ATEN;1;1
ATTEROTECH;1;3
AUDINATE;1;2
AUDIO-TECHNICA;1;1
AUSTRALIAN MONITOR;2;3
AVER;38;169
AVER CONFERENCE;1;1
AVOCOR;3;3
B-TECH AV MOUNTS;1;2
B.MONJE;1;3
BACHMANN;1;102
BALTA;1;2
BARCO;1;1
BEHRINGER;3;4
BEYER DINAMIC;1;1
BEYER DYNAMIC;2;2
BEYER ORBIS;1;16
BEYERDYNAMIC;1;3
BIAMP;30;67
BITTNER;2;7
BLACK BOX;2;2
BLACKMAGIC;1;1
BLUESTREAM;6;15
BLUSTREAM;2;5
BMONJE;3;7
BOSCH;24;211
BOSE;13;67
BRIGHTSIGN;2;4
CAMCO;1;1
CANON;2;5
CHIEF;1;2
CISCO;83;1429
CISCO IP;1;1
COMM-TEC;1;5
COMMTEC SCREEN;1;1
CREST;2;2
CRESTON;5;6
CRESTRON;74;444
CROWN;2;2
D LINK;1;1
DANTE;1;4
DATAPATH;3;3
DBX;1;1
DELL;3;3
DICENTIS;3;42
DIMASA;8;11
EAW;1;1
ECLER;1;1
EDUSTAND;1;1
ELECOM 2;1;1
ELGATO;1;2
ELITE SCREENS;1;1
ELITESCREEN;4;4
EMP-1825;1;1
EPSON;32;88
ETC;1;1
EXTRON;92;290
FLEX NEWLINE;1;1
FOCURSITE SCARLETT;1;1
FOHHN;1;2
FONESTAR;3;8
FUJITSUSIEMENS;1;1
GEFEN;3;4
GENELEC;18;155
GENELEC WHITE;1;2
GENIUS;1;1
GUDE;1;1
HERCULES;1;1
HILTON;2;3
HITACHI;1;1
HP;24;41
HUAWEI;1;1
IIYAMA;1;4
INDETERMINADA;10;26
INDETERMINADO;7;12
INOGENI;1;1
JABRA;4;13
JUST ADD POWER;1;2
JVC;1;1
KAPTIVO;4;8
KNOX;1;1
KRAMER;8;12
LDA;2;5
LENOVO;28;210
LENOVO TINY;1;1
LG;6;24
LIGHTWARE;2;8
LOGITECH;53;166
M-AUDIO;1;1
MATROX;2;3
MEYER SOUND;1;4
MICROSOFT;4;6
MITSUBISHI;4;6
MONITOR AUDIO;4;22
N-AUDIO;2;3
NEC;3;5
NEMKO;1;1
NETGEAR;6;16
NEW LINE LYRA;1;1
NEWLINE;7;19
NORTHBAYOU;1;1
NOVASTAR;2;2
NP;1;3
OPUS;1;1
PANASONIC;5;6
PANPHONICS;3;4
PHILIPS;7;16
PHILLIPS;1;2
PINANSON;3;3
PIONEER;3;4
PIONNER;2;5
PLANET;1;1
PLUS SCREEN;1;1
PLUSSCREEN;1;4
POLKAUDIO;1;1
POLYCOM;2;2
PT;1;1
Q-SYS;3;3
QSC;5;6
RCS;1;1
SAMGUNG;1;1
SAMSUNG;69;1005
SANSUNG;2;2
SCREEN LINE;1;1
SCT;1;1
SENHEISER;1;1
SENNHEISER;18;43
SERI STYLU;1;1
SERYSTILU;1;1
SHURE;75;186
SMART;3;6
SMARTPODIUM;1;1
SONY;30;99
SOUNDCRAFT;2;2
SOUNDTUBE;1;1
SPACE;2;2
STC;1;1
STEELCASE;2;46
STYLU;2;3
TARGUS;7;61
TESIRA;2;2
THOMANN;1;2
TOSHIBA;2;2
TP-LINK;1;3
TRAULUX;2;10
TRIPLEPAY;1;4
UNBRANDED;1;2
UNILUMIN;1;1
VIETA;1;4
VOGEL;1;1
VOGEL'S;1;3
VOGELS;26;110
VOGEL´S;1;1
VPL;1;1
XILICA;5;10
YAMAHA;4;4
YEALIMK;1;1
YEALINK;19;56
