categoria;marca;modelo;unidades_instaladas;n_sedes
PANEL TÁCTIL;CISCO;CISCO ROOM NAVIGATOR;347;13
VIDEOCONFERENCIA;CISCO;SPARK ROOM KIT;285;14
PANTALLA;SAMSUNG;QB65R-B;264;14
MICRÓFONO;CISCO;TABLE MICROPHONE MINI JACK (V1);223;9
PANTALLA;SAMSUNG;QB65R;205;10
PC;LENOVO;M920Q;107;11
CAJA CONEXIONES;BACHMANN;TOPFRAME;102;1
MONITOR;SAMSUNG;QB65H;75;2
PANTALLA;SAMSUNG;QB55R;71;8
VIDEOCONFERENCIA;CISCO;WEBEX ROOM BAR PRO;71;8
BARRA VIDEOCONFERENCIA;AVER;VB342;69;2
ALTAVOZ;GENELEC;4010AW;62;8
MICRÓFONO;CISCO;TABLE MICROPHONE MINI JACK (V2);59;11
PANTALLA;SAMSUNG;QB55R-B;59;5
TRANSMISOR VIDEO;CRESTRON;DM-NVX-E30;59;1
MONITOR;SAMSUNG;OM75D-W;58;1
PANEL TÁCTIL;CISCO;CISCO TOUCH 10;58;8
RECEPTOR VÍDEO;EXTRON;DTP HDMI 4K 230 RX;52;8
MICRÓFONO;BOSCH;CONCENTRUS;48;1
CÁMARA;CRESTRON;UC-SB1-CAM;47;4
PANTALLA ROOMWIZARD;STEELCASE;ROOMWIZARD II;45;2
TRANSMISOR VÍDEO;EXTRON;DTP HDMI 4K 230 TX;44;6
PANEL TÁCTIL;CISCO;ROOM NAVIGATOR;41;9
MICRÓFONO;BOSCH;DCN-DISDCS-L;40;2
MICRÓFONO;DICENTIS;DCNM-WD;39;2
RECEPTOR DE VIDEO;CRESTRON;DM-NVX-D30;39;1
PC;LENOVO;THINKCENTRE M920Q;35;8
ALTAVOZ;BOSE;FREESPACE DS100F;32;1
PANEL TÁCTIL;CISCO;TOUCH 10;31;8
CÁMARA;CISCO;QUAD CAMERA;30;7
SOPORTE ALTAVOZ;GENELEC;8000-422B/W;30;1
SOPORTE PANTALLA;VOGELS;T1844;30;1
TECLADO/RATÓN;LOGITECH;MK710;27;3
MICRÓFONO;BOSCH;DCN-DVCS;25;1
PANTALLA;SAMSUNG;QB65C;25;6
PC;LENOVO;M910Q;25;9
VIDEOCONFERENCIA;CISCO;ROOM BAR PRO;25;9
TECLADO;LOGITECH;K400+;24;4
BARRA;CRESTRON;UC-SB1-CAM;22;3
DOCK STATION;TARGUS;DOCK182;22;2
PANTALLA;SAMSUNG;QB75R;21;7
PANTALLA;SAMSUNG;DM65D;20;7
PANTALLA;SAMSUNG;QB65N;20;7
PROYECTOR;SONY;VPL-PHZ10;20;6
MICRÓFONO;SHURE;BLX2/SM58;19;1
MICRÓFONO MESA;BOSCH;DCN-CONCS;19;1
PROYECTOR;EPSON;EB-1485FI;19;5
BARRA VIDEOCONFERENCIA;CRESTRON;UC-SB1-CAM;18;3
MICRÓFONO;SHURE;BLX1;18;1
PANTALLA;SAMSUNG;PM43H;18;3
VIDEOCONFERENCIA;CISCO;WEBEX ROOM EQ;17;4
MICRÓFONO;BEYER ORBIS;MU21;16;1
MONITOR;ARTHUR HOLM;AH19DX216GA2M2P;16;1
PROYECTOR;EPSON;EB-L630U;16;5
TRANSMISOR DE VIDEO;CRESTRON;DM-NVX-E30;16;1
ALTAVOZ;GENELEC;4010AM;15;2
MICRÓFONO;BOSCH;LBB4144/00;15;1
PUPITRES AUDIO;BOSCH;LBB4144/00;15;1
TOTEM PANTALLA;VOGELS;CONNECT-IT TROLLEY;15;1
BANDEJA CÁMARA;VOGELS;PVA 5050;14;1
CAJA CONEXIONES;AMX;HPX 1200;14;1
DOCK STATION;TARGUS;DOCK 192-A;14;1
DOCKSTATION;TARGUS;DOCK180EUZ;14;1
TECLADO;LOGITECH;K400 PLUS TV;14;2
VIDEOCONFERENCIA;CISCO;WEBEX ROOM EQ QUADCAM;14;1
CÁMARA;CISCO;P60;13;3
MICRÓFONO;YEALINK;VCM35;13;5
MONITOR;ALBIRAL;AH17TXHDGA;13;2
RECEPTOR VÍDEO;CRESTRON;DM-NVX-D30;13;2
TRANSMISOR VÍDEO;CRESTRON;DM-NVX-E20;13;2
CONTROLADORA;EXTRON;IPCP PRO 250;12;6
ESCALADOR;EXTRON;IN1604 HD;12;6
MICROFONIA;SHURE;BLX1288/W85 COMBO S8;12;1
PANEL CISCO;CISCO;CISCO ROOM NAVIGATOR;12;1
RECEPTOR VIDEO;CRESTRON;DM-NVX-D30;12;1
VIDEOCONFERENCIA;CISCO;ROOM KIT EQ;12;5
ALTAVOCES;GENELEC;4010A;11;5
MICRÓFONO;CISCO;TABLE MICROPHONE 20;11;1
MONITOR;SONY;LMD-150S;11;1
PANTALLA;SAMSUNG;QB43R;11;1
PANTALLA;SAMSUNG;QB65B;11;4
ALTAVOCES TECHO;MONITOR AUDIO;PRO-65;10;1
BARRA VIDEOCONFERENCIA;CISCO;CISCO ROOM KIT;10;1
CONTROLADORA;CRESTRON;MC4;10;7
CÁMARA;AVER;CAM520PRO POE;10;1
MICRÓFONO;BIAMP;TESIRA PARLÉ TCM-XEX;10;1
MICRÓFONO;BOSCH;DCN-CON;10;1
BARRA;AVER;VB342;9;2
CÁMARA;CISCO;PTZ 4K;9;6
EXTENSOR;CRESTRON;HD-RXU-4KZ-101-E DM;9;1
EXTENSOR;CRESTRON;HD-TXU-4KZ-211-CHGR;9;1
MONITOR TÁCTIL;NEWLINE;TT-2721AIO;9;1
PANTALLA;SAMSUNG;QM32R-B;9;1
PROYECTOR;LG;LGBU50NST;9;2
SWITCH;NETGEAR;GS305EP;9;2
TECLADO/RATÓN;LOGITECH;K400+;9;3
TOUCH PANEL;CISCO;CISCO TOUCH 10;9;1
TRANSMISOR VÍDEO;CRESTRON;DM-NVX E20;9;1
VIDEOCONFERENCIA;CISCO;ROOM KIT PRO;9;1
ALTAVOCES;GENELEC;4010AW;8;3
ALTAVOZ;BOSE;FREESPACE 3;8;1
ALTAVOZ;MONITOR AUDIO;PRO-65;8;1
BARRA VIDEOCONFERENCIA;YEALINK;A40;8;1
CONTROLADORA;CRESTRON;MC4 (PC);8;1
CONTROLADORA;CRESTRON;RMC4;8;3
CONTROLADORA PROYECTOR;EPSON;ELPHD02;8;1
ESCALADOR;CRESTRON;HD-RX-4K-510-CE;8;1
EXTENSOR;YEALINK;VCH51;8;1
KIT BOTONES;EXTRON;CB-100-010525;8;1
MONITOR;LG;75XS4G-BJ;8;1
PANEL TÁCTIL;CRESTRON;TS-1070;8;4
PANTALLA;SAMSUNG;DM55E;8;4
PANTALLA;SONY;FW - 65X8570C;8;1
RECEPTOR VÍDEO;CRESTRON;DM-NVX-D20;8;1
TELÉFONO IP;CISCO;CP-7945G;8;1
VIDEOCONFERENCIA;CISCO;ROOM BAR BYOD;8;5
CÁMARA;SONY;SRG-X400;7;3
EXTENSOR VIDEO;EXTRON;TX DTP3 T 202;7;1
MATRIZ;LIGHTWARE;UCX-4X2-HC30;7;3
PANTALLA;SAMSUNG;QB55N;7;3
PANTALLA;SAMSUNG;QB75N;7;5
PANTALLA;SONY;KDL-55W802A;7;3
PANTALLA;SONY;KDL-65W855A;7;5
PC;HP;PRODESK 600 G4;7;4
SOPORTE PROYECTOR;TRAULUX;SPT-82120;7;1
TECLADO;LOGITECH;K750;7;1
TOTEM PANTALLA;VOGELS;FD 2064 S;7;1
VIDEOCONFERENCIA;YEALINK;A20-010;7;1
ALTAVOZ;GENELEC;4020C;6;1
AMPLIFICADOR;BITTNER;BASIC 400;6;2
CÁMARA;AVER;CAM 520 PRO POE;6;1
CÁMARA;AVER;VC520;6;3
CÁMARA;AVER;VC520+;6;3
DISTRIBUIDOR VW;SAMSUNG;SNOWJAU;6;1
DOCK STATION;TARGUS;DOCK-190C;6;1
EMBEBEDOR DE AUDIO;BLUESTREAM;HD11AU;6;1
ESCALADOR;EXTRON;IN1604HD;6;2
KIT TECLADO Y RATÓN;LOGITECH;MK700;6;1
MICRÓFONO;BIAMP;TESIRA PARLE TCM-X;6;1
MICRÓFONO;BIAMP;TESIRA PARLE TCM-XEX;6;1
PANEL TÁCTIL;CRESTRON;TSW-770-BS;6;2
PANTALLA;SAMSUNG;DM65E;6;4
PANTALLA;SAMSUNG;QB43-B;6;1
PANTALLA;SAMSUNG;QB55B;6;2
PANTALLA;SAMSUNG;QB55C;6;2
PANTALLA;SAMSUNG;QB75C;6;3
PC;LENOVO;THINKCENTRE M910Q;6;4
PC;LENOVO;THINKCENTRE M93P;6;1
RECEPTOR;EXTRON;DTP HDMI 4K 230 RX;6;2
RECEPTOR VÍDEO;CRESTRON;DM-NVX D20;6;1
RECEPTOR VÍDEO;CRESTRON;DM-NVX-D200;6;2
SOPORTE;VOGELS;PFW 4510;6;1
TECLADO INALÁMBRICO;LOGITECH;K400;6;1
TOTEM PANTALLA;FONESTAR;RL38;6;1
TRANSMISOR VÍDEO;EXTRON;DTP HDMI 230 TX;6;1
UNIDAD CONTROL MICROFONÍA;BOSCH;DCN-CCU2;6;2
WEBCAM;JABRA;PANACAST;6;1
BARRA;AVER;VB342 BARRA;5;2
BARRA;JABRA;PANACAST 50;5;1
BASE CARGA MICRÓFONO;SHURE;SBC203;5;2
BOTONERA;EXTRON;MLC 62 RS CC;5;1
CAJA DE MESA;EXTRON;CABLE CUBBY 1200 NEGRO 70-1037-02;5;1
CÁMARA;AVER;PTC310H;5;2
CÁMARA;AVER;VB342;5;4
CÁMARA;AVER;VC520PRO;5;3
CÁMARA;CISCO;PTZ4K;5;4
DISTRIBUIDOR;CRESTRON;HD-DA8-4KZ-E;5;2
EMBEBEDOR AUDIO;BLUESTREAM;HD11AU;5;1
EMISOR VÍDEO;CRESTRON;DM-NVX-E30;5;1
EXTENSOR VIDEO;EXTRON;RX DTP3 R 201;5;1
MICRÓFONO;AVER;VC520+;5;2
MONITOR;SAMSUNG;QB65C;5;1
PANTALLA;PHILIPS;70BFL2214/12;5;4
PANTALLA;SAMSUNG;QM43B;5;1
PANTALLA DE PROYECCIÓN;COMM-TEC;CP-MO120;5;1
PASADOR;LOGITECH;SPOTLIGHT;5;2
PROYECTOR;EPSON;EB-L690U;5;3
PUPITRE;BOSCH;DCN-IDESK-L;5;2
RECEPTOR MICRÓFONO;SHURE;BLX4R;5;2
RECEPTOR VIDEO;CRESTRON;HD-RX-4KZ-101;5;1
SOPORTE PANTALLA;VOGELS;FD 2064S;5;2
TECLADO;LOGITECH;MK710;5;2
TECLADO;LOGITECH;MX3200;5;1
TELÉFONO IP;CISCO;CP-7937G;5;1
TELÉFONO IP;CISCO;CP-7962G;5;1
TRANSMISOR VIDEO;CRESTRON;HD-TX-4KZ-101;5;1
TRANSMISOR VÍDEO;CRESTRON;DM-NVX-E30;5;1
VIDEOCONFERENCIA;CISCO;ROOM KIT PLUS;5;4
ALTAVOCES TECHO;LDA;XC-65;4;1
ALTAVOZ;BOSE;DS100SE;4;1
ALTAVOZ;BOSE;FREESPACE;4;1
ALTAVOZ;BOSE;FREESPACE DS 100SE WH;4;1
ALTAVOZ;BOSE;UL 1480;4;1
ALTAVOZ;MEYER SOUND;MM-4XP;4;1
ALTAVOZ;VIETA;DO-8;4;1
AMINO;TRIPLEPAY;TPS-SPI-4;4;1
CAJAS ACÚSTICAS;GENELEC;4010AW;4;1
CARGADOR DICENTIS;BOSCH;DCNM-WCH05;4;1
CONTROLADORA;AMX;NX 1200;4;1
CONVERSOR;EXTRON;RGBHDMI 300A;4;1
CÁMARA;CANON;CR-N300;4;2
CÁMARA;CISCO;CTS-CAM-P60;4;1
CÁMARA;SONY;EVI-X2000C;4;1
ESCALADOR;EXTRON;DVS 605;4;2
ESCALADOR;EXTRON;DVS-605-A;4;1
HDMI EMBEBEDOR/DESEMBEBEDOR;BLUSTREAM;HD11AU;4;1
INTERFACE DE AUDIO DANTE, PARA MIC ANALOGICO A DIGITAL DANTE;SHURE;ANI4IN;4;1
MATRIZ;EXTRON;DTP CROSSPOINT 108;4;1
MICRÓFONO;AVER;VC520;4;3
MICRÓFONO;CISCO;TABLE MICROPHONE;4;1
MICRÓFONO;SENNHEISER;E835;4;2
MICRÓFONO;SENNHEISER;SK2000;4;2
MICRÓFONO;SENNHEISER;SK2000 558-626 MHZ;4;2
MICRÓFONO;SENNHEISER;SKM2000 558-626 MHZ;4;2
MICRÓFONO;SHURE;MXA920W-S;4;1
MICRÓFONO;SHURE;SLXD1;4;1
MICRÓFONO;SHURE;SLXD2;4;1
MICRÓFONO;SHURE;WL185;4;3
MICRÓFONO EXTENSOR;BIAMP;TESIRA PARLÉ TCM-X;4;1
MICRÓFONO MESA;CISCO;TABLE MICROPHONE MINI JACK (V1);4;1
MONITOR;SMART;PODIUM 524;4;1
PANTALLA;IIYAMA;LH4340S-B1;4;1
PANTALLA;PHILIPS;65PUS6162/12;4;1
PANTALLA;PIONNER;43MXE1;4;1
PANTALLA;SAMSUNG;DM55D;4;3
PANTALLA;SAMSUNG;LH55QMBEBGCXE;4;1
PANTALLA;SAMSUNG;QB43B;4;1
PANTALLA ELÉCTRICA;PLUSSCREEN;INACCESIBLE;4;1
PASARELA;CRESTRON;HD-CTL-101;4;1
PC;HP;600 MINI G4;4;1
PC;HP;ELITEDESK 800 G5;4;2
PC;LENOVO;M70Q;4;2
PROCESADOR AUDIO;XILICA;SOLARO QR1;4;2
PROCESADOR DE AUDIO;BIAMP;TESIRAFORTÉ AVB VT4;4;1
PROYECTOR;EPSON;EB-G5300;4;2
PROYECTOR;EPSON;EB-L530U;4;2
PROYECTOR;LG;BU50NST;4;2
PROYECTOR;SONY;VPL-FH31;4;3
RECEPTOR MICRÓFONO;SENNHEISER;EM2050 558-626 MHZ;4;2
RECEPTOR MICRÓFONO;SHURE;SLXD4D;4;1
RECEPTOR VÍDEO;CRESTRON;DM-NVX D200;4;1
SOPORTE;INDETERMINADA;TECHO;4;1
SOPORTE;VOGELS;PPC 1585 SOPORTE;4;1
SWITCH;DANTE;SWITCH TP- LINK;4;1
TOTEM PANTALLA;VOGELS;SINRUEDAS;4;1
TOUCH PANEL;CISCO;CISCO ROOM NAVIGATOR;4;1
UNIDAD CONTROL MICROFONÍA;BOSCH;DCN-CCU;4;2
VIDEOCONFERENCIA;CISCO;CODEC PLUS;4;3
VIDEOCONFERENCIA;CISCO;CS-KIT-K9;4;1
VIDEOCONFERENCIA;CISCO;ROOM BAR;4;3
ALTAVOCES (X4);BOSE;INACCESIBLE;3;1
ALTAVOZ;BOSCH;LB1-UM20E-D;3;1
APPLE TV;APPLE;APPLE TV 4 GEN;3;1
BARRA;YEALINK;A40;3;1
BARRA VIDEOCONFERENCIA;CISCO;CISCO ROOM PRO;3;1
BOTONERA;EXTRON;MLC 62 RS;3;1
CAJA DE MESA;EXTRON;CABLE CUBBY 1200 (202EU);3;2
CAPTURADOR PANTALLA;KAPTIVO;WALL MOUNT CAMERA;3;1
COMPARTICIÓN INALÁMBRICA;APPLE;APPLE TV 4 GEN;3;1
CONVERSOR;EXTRON;DPM‑HDF 4K PLUS;3;1
CONVERSOR CATX - HDMI;KAPTIVO;KW100;3;1
CÁMARA;CISCO;PRECISION 60;3;2
CÁMARA;CISCO;QUADCAM;3;2
CÁMARA;LOGITECH;GROUP;3;2
CÁMARA;SONY;SRG-A12;3;2
DANTE;ATTEROTECH;UNDIO2X2;3;2
DISTRIBUIDOR;EXTRON;DA6;3;1
DOCK STATION;TARGUS;DOCK192;3;1
EMISOR HDBASET;CRESTRON;HD-TXC-4KZ-101;3;1
ESCALADOR;EXTRON;IN 1608SA;3;1
ESCALADOR;EXTRON;IN1604;3;2
KIT TECLADO Y RATÓN;LOGITECH;K400+;3;1
MICRO BEAMTRACKING;BIAMP;TESIRA PARLÉ TCM-1;3;1
MICROFONO TECHO;SHURE;MXA 920W-S-60;3;1
MICROFONÍA;BEYERDYNAMIC;TG500H-C;3;1
MICRÓFONO;SENNHEISER;SL CEILING MIC 2;3;1
MICRÓFONO;SHURE;BLX1 H8E;3;2
MICRÓFONO;SHURE;BLX2 S8;3;2
MICRÓFONO;SHURE;MX418 D/C;3;1
MICRÓFONO;SHURE;PGX4;3;1
MICRÓFONO;SHURE;SR450;3;1
MICRÓFONO/ALTAVOZ;YEALINK;CPE40;3;1
PANEL TÁCTIL;AMX;MSD-431I;3;1
PANEL TÁCTIL;EXTRON;TLP PRO 725M;3;2
PANEL TÁCTIL;EXTRON;TLP PRO 725T;3;2
PANTALLA;NEC;E654;3;1
PANTALLA;SAMSUNG;DM32D;3;1
PANTALLA;SAMSUNG;DM82D;3;1
PANTALLA;SAMSUNG;LH65QBHPLGC/EN;3;1
PANTALLA DE PROYECCIÓN;NP;NP;3;1
PANTALLA PROYECCIÓN;INDETERMINADA;P PROYECCION;3;1
PASARELA MÓDULO RELÉ;CRESTRON;CEN-IO-RY-104;3;1
PASARELA RELÉ;CRESTRON;CEN-IO-RY-104;3;1
PC;HP;600 G4;3;2
PC;LENOVO;M93P;3;3
PROCESADOR AUDIO;BIAMP;TESIRAFORTÉ AVB CI;3;1
PROYECTOR;EPSON;EB-1915;3;1
RATÓN;LOGITECH;PERFORMANCE MX;3;1
RATÓN INALÁMBRICO;LOGITECH;NP;3;1
RECEPTOR HDBASET;CRESTRON;HD-RXC-4KZ-101;3;1
RECEPTOR MICROFONÍA;SHURE;SLXD1;3;1
RECEPTOR MICROFONÍA;SHURE;SLXD4D;3;1
RECEPTOR MICRÓFONO;SENNHEISER;EM-2050;3;1
RECEPTOR MICRÓFONO;SHURE;BLX1288/W85 COMBO S8;3;1
SELECTOR;KRAMER;DIP-31;3;2
SOPORTE;INDETERMINADA;SOPORTE;3;1
SOPORTE ALTAVOCES;GENELEC;8000-422W;3;2
SOPORTE PANTALLA;VOGELS;PFW4510;3;1
SOPORTE PARED;B.MONJE;BM-SLCDRM;3;1
SOPORTE PARED;BMONJE;BMSLCDRM;3;1
SWITCH;TP-LINK;TL-SG1005LP;3;1
TECLADO;LOGITECH;K400;3;2
TOTEM;INDETERMINADA;CON RUEDAS;3;2
TOTEM;INDETERMINADA;CONRUEDAS;3;1
TOTEM;VOGEL'S;FD 2064 S TOTEM;3;1
TOTEM PANTALLA;DIMASA;CONRUEDAS;3;1
TOTEM PANTALLA;TRAULUX;CONRUEDAS;3;1
TOTEM PANTALLA;VOGELS;CONRUEDAS;3;1
TRANSMISOR MICROFONÍA;SHURE;SLXD2/SM58;3;1
TRANSMISOR VÍDEO;CRESTRON;DM-NVX-351;3;1
TRANSMISOR VÍDEO;CRESTRON;DM-NVX-360;3;2
TRANSMISOR VÍDEO;EXTRON;DTP HDMI 4K 230 RX;3;1
TRANSMISOR VÍDEO;EXTRON;DTP T USW 233;3;2
TÓTEM;INDETERMINADA;CONRUEDAS;3;2
UNIDAD CONTROL MICROFONÍA;BOSCH;DCN-CCUB;3;2
VIDEOCONFERENCIA;CISCO;EQ;3;3
VIDEOCONFERENCIA;CISCO;SX20;3;2
VIDEOCONFERENCIA;CISCO;WEBEX BOARD 70;3;2
VIDEOCONFERENCIA;CISCO;WEBEX ROOM BAR;3;2
WIRELESS DISPLAY;MICROSOFT;1733.0;3;1
↳TARJETA DANTE;SHURE;MXA 920W-S-60;3;1
ALTAVOCES;GENELEC;4410A;2;1
ALTAVOCES;THOMANN;EV EVID 4.2 BLACK;2;1
ALTAVOZ;EXTRON;SI26X;2;1
ALTAVOZ;GENELEC;4010 WM;2;1
ALTAVOZ;GENELEC;4010A;2;1
ALTAVOZ;GENELEC;4020AW;2;1
ALTAVOZ;GENELEC;4410 DANTE;2;1
ALTAVOZ;GENELEC WHITE;4020C;2;1
ALTAVOZ;PANPHONICS;PANPHONICS SSHA120X20;2;1
ALTAVOZ;XILICA;SONIA -C5;2;1
ALTAVOZ;XILICA;SONIA C-5;2;1
AMPLIFICADOR;APART;MA125;2;2
AMPLIFICADOR;BOSE;1600SERIEVI;2;1
AMPLIFICADOR;BOSE;MA200;2;1
AMPLIFICADOR - MEZCLADOR;AUSTRALIAN MONITOR;AMIS 120;2;1
AMPLIFICADOR MIC;N-AUDIO;MIC1;2;1
BARRA;AVER;VB342+;2;2
BARRA;CRESTON;UC-SB1-CAM;2;1
CABLE C;CISCO;CAB-USBC-AC-9M;2;1
CAMARA;AVER;CAM520 PRO3;2;2
CAPTURADORA VIDEO;ELGATO;CAM LINK 4K;2;1
COLUMNA FON DLI-130 DANTE;FOHHN;DLI-130;2;1
CONTROL AMPLIFICADORES;EXTRON;MDL, VCM100 AAP BLACK;2;1
CONTROLADORA;CRESTRON;CP4N;2;2
CONVERSOR;AUDINATE;AVIO-A-2OUT-EB;2;1
CÁMARA;AVER;CAM520 PRO;2;2
CÁMARA;AVER;CAM550;2;1
CÁMARA;CISCO;CISCO PTZ 4K;2;2
CÁMARA;CISCO;EVI-X200C;2;1
CÁMARA;CISCO;ROOM VISION PTZ;2;1
CÁMARA;YEALINK;A40-010;2;1
DCN - EXPANSOR;BOSCH;DCN - TYPE LBB 4402/00;2;1
DISTRIBUIDOR;BIAMP;TESIRA CONNECT TC-5;2;1
DISTRIBUIDOR;BOSCH;LBB4402/00;2;1
DISTRIBUIDOR;EXTRON;DA2;2;2
EMISOR HDBASET;CRESTRON;HD-TX-101-C-E;2;1
ESCALADOR;EXTRON;DVS 605A;2;1
ESCALADOR;EXTRON;DVS-605;2;2
ESCALADOR;KRAMER;DIP-31M;2;2
ESTACIÓN DE CARGA DE ACOPLAMIENTO DOBLE PARA BATERÍA DE IONES DE LITIO SB903;SHURE;SBC203;2;1
ETAPA DE POTENCIA;MONITOR AUDIO;IA 60-12;2;1
ETAPA DE SONIDO;QSC;CX-Q 2K4;2;1
EXTENSOR;CRESTRON;HD-RXU-4KZ-101-E;2;1
EXTENSOR;CRESTRON;HD-TXU-4KZ-211-CHRG;2;1
FLIPCHART;SAMSUNG;WM55H;2;1
INTERFAZ AUDIO USB;BEHRINGER;UCA202;2;1
MATRIZ;EXTRON;DTP CROSSPOINT 108 4K;2;2
MEZCLADOR AUDIO;BIAMP;NEXIA VC;2;1
MICROFONÍA;SHURE;MX396;2;1
MICRÓFONO;AVER;VC520 PRO;2;2
MICRÓFONO;AVER;VC520PRO;2;1
MICRÓFONO;BIAMP;TESIRA PARLÉ TCM-X;2;1
MICRÓFONO;CISCO;CEILING MICROPHONE PRO;2;1
MICRÓFONO;CISCO;CISCO TELEPRESENCE TABLE MICROPHONE 20;2;1
MICRÓFONO;SENNHEISER;SK;2;1
MICRÓFONO;SENNHEISER;SK2000 516-558 MHZ;2;1
MICRÓFONO;SENNHEISER;SKM-S;2;1
MICRÓFONO;SENNHEISER;SKM2000 516-558 MHZ;2;1
MICRÓFONO;SHURE;BLX 1 HBE;2;1
MICRÓFONO;SHURE;BLX 1 S8;2;1
MICRÓFONO;SHURE;BLX1288/W85 COMBO S8;2;2
MICRÓFONO;SHURE;BLX24R/SM58;2;2
MICRÓFONO;SHURE;BLX288/PG58-H8E;2;1
MICRÓFONO;SHURE;BLX4R H8E;2;1
MICRÓFONO;SHURE;MX920-S;2;1
MICRÓFONO;SHURE;MXA920;2;1
MICRÓFONO;SHURE;MXA920 SQUARE ROUND BLANCO;2;1
MICRÓFONO;SHURE;PG58;2;1
MICRÓFONO MESA;SHURE;MIX 396/C TRI;2;1
MONITOR;NEWLINE;FLEX;2;1
MONITOR;NEWLINE;TT-2721;2;1
MONITOR;NEWLINE;X7;2;1
MONITOR;SAMSUNG;QB65R;2;1
MONITOR;SAMSUNG;QM55C;2;1
MONITOR;SAMSUNG;QMC43C;2;1
PANEL CISCO;CISCO;CISCO TOUCH 10;2;1
PANEL TÁCTIL;CRESTRON;ST 1700C;2;1
PANEL TÁCTIL;CRESTRON;TSW-1070-B-S;2;1
PANTALLA;NEWLINE;X7;2;1
PANTALLA;PHILIPS;55BDL3050Q;2;1
PANTALLA;PHILIPS;70BFL2214;2;2
PANTALLA;PHILLIPS;55BDL3050Q;2;1
PANTALLA;PIONEER;KRP-600M;2;1
PANTALLA;SAMSUNG;"65""";2;1
PANTALLA;SAMSUNG;LH55DME;2;1
PANTALLA;SAMSUNG;LH65QBREBGCXEN;2;1
PANTALLA;SAMSUNG;LH85QMNE;2;1
PANTALLA;SAMSUNG;QB50B;2;1
PANTALLA;SAMSUNG;QB65;2;2
PANTALLA;SAMSUNG;QB65H;2;2
PANTALLA;SONY;55XE8001;2;1
PANTALLA;SONY;65XE8501;2;1
PANTALLA;SONY;BRAVIA KDL-48W605B;2;1
PANTALLA;SONY;FE-65XE8501;2;1
PANTALLA;SONY;KD-75XE9405;2;1
PANTALLA;SONY;KDL-65HX920;2;1
PANTALLA DE PROYECCIÓN;BALTA;PE300-2WCB;2;1
PANTALLA DE PROYECCIÓN;INDETERMINADA;P PROYECCION;2;2
PANTALLA DE PROYECCIÓN;INDETERMINADO;PROYECCION INDETERMINADO;2;1
PASADOR;LOGITECH;WIRELESS PRESENTER R400;2;1
PASARELA MÓDULO RELÉ;UNBRANDED;HHC-N8I8OP;2;1
PC;HP;COMPAQ;2;2
PC;HP;PRODESK 600G4;2;2
PC;HP;PRODESK G4;2;1
PC;LENOVO;8300.0;2;1
PC;LENOVO;920Q;2;1
PC;LENOVO;M910;2;1
PLAYER CARTELERÍA;BRIGHTSIGN;XD1034;2;1
PROCESADOR AUDIO;BIAMP;TESIRA FORTE CI;2;1
PROCESADOR AUDIO;BIAMP;TESIRA FORTE DAN CI;2;1
PROCESADOR DE AUDIO;BIAMP;FORTE AL;2;1
PROCESADOR DE AUDIO;BIAMP;NEXIA;2;1
PROCESADOR DE AUDIO;BIAMP;TESIRAFORTÉ AVB CI;2;1
PROYECTOR;EPSON;EB-1955;2;2
PROYECTOR;EPSON;EB-1980WU;2;2
PROYECTOR;EPSON;EB-G5600;2;1
PROYECTOR;EPSON;L630U;2;2
PROYECTOR;MITSUBISHI;XL1U;2;2
PROYECTOR;MITSUBISHI;XL30U;2;1
PROYECTOR;PANASONIC;PTMZ670;2;1
PROYECTOR;SONY;VPL-FHZ65;2;2
PULSADORES PANTALLAS;CRESTRON;DIN-8SW8-I;2;1
RACK HORIZONTAL SALAS VIDEOCONFERENCIA;ADVANTIS;PC14 - 10670;2;1
RATÓN;LOGITECH;MX MASTER;2;1
RECEPTOR;CRESTRON;HD-RX-101-C-E;2;1
RECEPTOR DE VIDEO;MATROX;DM-NVX-D30;2;1
RECEPTOR HDBASET;CRESTRON;HD-RX-4K-410-C-E;2;1
RECEPTOR MICROFONÍA;SHURE;BLX88 H8E;2;1
RECEPTOR MICRÓFONO;SENNHEISER;EM2050 516-558 MHZ;2;1
RECEPTOR MICRÓFONO;SENNHEISER;EW-D EM;2;1
RECEPTOR MICRÓFONO;SHURE;BLX88;2;1
RECEPTOR MICRÓFONO;SHURE;ULXP4;2;1
RECEPTOR VIDEO;CRESTRON;DM-NVX-D200;2;1
RECEPTOR VIDEO;CRESTRON;DM-NVX-E30;2;1
RECEPTOR VÍDEO;CRESTRON;DM-NVX-D351;2;1
REPRODUCTOR;BRIGHTSIGN;LS423;2;1
SELECTOR;KRAMER;DIP-31M;2;2
SOPORTE;B-TECH AV MOUNTS;BT7052;2;1
SOPORTE ALTAVOZ;GENELEC;8000-422W;2;2
SOPORTE PANTALLA;CHIEF;CM2L40UI;2;1
SOPORTE PANTALLA;HILTON;C2P2;2;1
SOPORTE PANTALLA;VOGELS;CONNECT IT TROLLEY;2;1
SOPORTE PANTALLA;VOGELS;FD 2064 S;2;1
SOPORTE PARED;BMONJE;BM-SLCDRG;2;1
SOPORTE PARED;BMONJE;BM-SLCDRM;2;1
SOPORTE PROYECTOR;VOGELS;PPC 1585;2;1
SUBWOOFER TECHO;MONITOR AUDIO;ICS-8;2;1
SWITCH;EXTRON;DTP T DSW 4K 333;2;1
SWITCH;EXTRON;SW4 HD 4K;2;1
SWITCH;NETGEAR;GS308EPP;2;2
SWITCH POE;NETGEAR;GS305P;2;1
TARJETA DANTE;EXTRON;EXTRON AXI 22 AT;2;1
TECLADO;LOGITECH;WIRELESS SOLAR K750;2;1
TECLADO Y RATON;LOGITECH;MK700/MK710;2;1
TECLADO/RATÓN;LOGITECH;MX 5500;2;1
TELÉFONO IP;CISCO;CP-8831;2;1
TOTEM PANTALLA;DIMASA;FLEX-R;2;2
TOTEM PANTALLA;INDETERMINADA;CONRUEDAS;2;2
TOTEM PANTALLA;INDETERMINADO;CON RUEDAS;2;1
TOTEM PANTALLA;STYLU;HILTON C2P2;2;1
TRANSMISOR AUDIO;JUST ADD POWER;VBS-HDIP705 POE;2;1
TRANSMISOR RADIADOR;BOSCH;INT-TX04;2;1
TRANSMISOR VIDEO;CRESTRON;DM-NVX-D30;2;1
TRANSMISOR VÍDEO;CRESTRON;HD-TX-101-C-E;2;2
TRANSMISOR VÍDEO;EXTRON;DTP T DSW 4K 233;2;1
TRANSMISOR VÍDEO;GEFEN;TOOLBOX;2;1
TÓTEM;INDETERMINADO;CON RUEDAS;2;1
TÓTEM;INDETERMINADO;CONRUEDAS;2;2
UNIDAD CONTROL MICROFONÍA;DICENTIS;DCNM-WAP;2;2
VIDEOCONFERENCIA;AVER;VC520PRO;2;1
VIDEOCONFERENCIA;CISCO;BOARD 70;2;2
VIDEOCONFERENCIA;CISCO;CISCO ROOM KIT EQ;2;2
VIDEOCONFERENCIA;CISCO;CS-DESK-K9;2;1
VIDEOCONFERENCIA;CISCO;MINI SPARK ROOM KIT;2;2
VIDEOCONFERENCIA;CISCO;ROOM KIT;2;2
VIDEOCONFERENCIA;CISCO;WEBEX BOARD PRO 55;2;2
ALTAVOCES;BOSE;LIFESTYLE N123;1;1
ALTAVOCES;GENELEC;4010AM;1;1
ALTAVOCES;GENELEC;4020C;1;1
ALTAVOCES;GENELEC;8000-444B;1;1
ALTAVOCES;GENIUS;PT;1;1
ALTAVOCES;HERCULES;XPS 2.0 35 USB;1;1
ALTAVOCES (X14);SONY;INACCESIBLE;1;1
ALTAVOCES (X2);BOSE;INACCESIBLE;1;1
ALTAVOZ;LOGITECH;886-000056;1;1
ALTAVOZ;PANPHONICS;AA-160;1;1
ALTAVOZ;YAMAHA;MS101-4;1;1
AMINO;NEMKO;H140;1;1
AMPLIFICADOR;AMPETRONIC;C10 -1 N;1;1
AMPLIFICADOR;BITTNER;BASIC 800;1;1
AMPLIFICADOR;BOSE;2150.0;1;1
AMPLIFICADOR;CAMCO;VORTEX 2.6;1;1
AMPLIFICADOR;CREST;CPX-1500;1;1
AMPLIFICADOR;CROWN;CTS 1200;1;1
AMPLIFICADOR;EAW;CAZ800;1;1
AMPLIFICADOR;EXTRON;DTP HD DA8 4K 230;1;1
AMPLIFICADOR;EXTRON;MPA 122 MINI POWER AMPLIFIER;1;1
AMPLIFICADOR;XILICA;SONIA AMP;1;1
AMPLIFICADOR;XILICA;SONIA-AMP;1;1
AMPLIFICADOR DANTE;PANPHONICS;AA-160;1;1
AMPLIFICADOR MIC;N-AUDIO;MIC-1;1;1
ANTENA;SHURE;BLX88 S8;1;1
ANTENA UA8 SHURE;SHURE;UA8-518-598;1;1
APPLE TV;APPLE;3ªGEN;1;1
AUDIOCONFERENCIA;CISCO;CP-8831;1;1
AUDIOCONFERENCIA;POLYCOM;SOUNDSTATION2;1;1
BARRA;CRESTON;US-CB- 1CAM;1;1
BARRA CISCO;CISCO;QUAD CAMERA;1;1
BARRA DE VIDEO;YEALINK;MEETING BAR A30;1;1
BARRA SONIDO;POLKAUDIO;SURROUNDBAR3000;1;1
BARRA USB VIDEOCONFERENCIA;AVER;VB342;1;1
BARRA VIDEOCONFERENCIA;AVER;VC520+;1;1
BARRA VIDEOCONFERENCIA;AVER;VC520PRO;1;1
BARRA VIDEOCONFERENCIA;JABRA;PANACAST 50;1;1
BARRA VIDEOCONFERENCIA;YEALINK;A20-010;1;1
BARRA VIDEOCONFERENCIA USB;YEALINK;MEETINGBAR A30;1;1
BASE MICRO INALAMBRICO;YEALIMK;CDW90;1;1
BOTONERA;EXTRON;CABLE CUBBY 1202;1;1
CAJA ACÚSTICA;SOUNDTUBE;RS500I;1;1
CAJAS ACÚSTICAS;GENELEC;4010AW-6;1;1
CAM;LOGITECH;C-U0036;1;1
CAMARA;AVER;VB 342+;1;1
CAMARA;AVER;VC520+;1;1
CAMARA;LOGITECH;C-U0036;1;1
CAPTURADORA;BLACKMAGIC;ULTRASTUDIO 4K MINI;1;1
CAPTURADORA PANTALLA;KAPTIVO;WALL MOUNT CAMARA;1;1
CD MULTICOMP;PIONEER;PD-M426;1;1
CONMUTADOR 2/1 VGA;EXTRON;P/2 DA2XI MT;1;1
CONTROL PROCESOR;CRESTON;PRO 2 PROFESSIONAL RACK2;1;1
CONTROLADORA;AMX;NI-700;1;1
CONTROLADORA;AMX;NX-1200;1;1
CONTROLADORA;CRESTRON;CP-3;1;1
CONTROLADORA;CRESTRON;CP4;1;1
CONTROLADORA;CRESTRON;CP4-N;1;1
CONTROLADORA;DATAPATH;HX4;1;1
CONTROLADORA;EXTRON;IPCP 250 PRO;1;1
CONTROLADORA;EXTRON;IPCP PRO 250 1843;1;1
CONTROLADORA;EXTRON;IPCP PRO 550;1;1
CONTROLADORA;EXTRON;IPCP PRO250;1;1
CONTROLADORA;LG;CVBA;1;1
CONTROLADORA;NOVASTAR;VX600;1;1
CONTROLADORA VIDEOWALL;NOVASTAR;VX400;1;1
CONTROLADORA VW;DATAPATH;VSN1172;1;1
CONVERSOR;BEHRINGER;ULTRAGAIN PRO-8;1;1
CONVERSOR;EXTRON;DTP HDMI 230TX;1;1
CONVERSOR;INOGENI;U-CAM;1;1
CONVERSOR;KAPTIVO;KW100;1;1
CONVERSOR HDMI USBC;YEALINK;VCH51;1;1
CÁMARA;AVER;342+;1;1
CÁMARA;AVER;520PRO;1;1
CÁMARA;AVER;CAM520 PRO 3;1;1
CÁMARA;AVER;CAM520 PRO POE;1;1
CÁMARA;AVER;P0-A5-AVER;1;1
CÁMARA;AVER;PTC 500S;1;1
CÁMARA;AVER;PTC500S;1;1
CÁMARA;AVER;PTZ 330;1;1
CÁMARA;AVER;VC520 PRO;1;1
CÁMARA;AVER CONFERENCE;VC520;1;1
CÁMARA;CANON;CR-N100;1;1
CÁMARA;CISCO;CISCO P60;1;1
CÁMARA;CISCO;CISCO PTZ-4K;1;1
CÁMARA;CISCO;CISCO QUAD CAMERA;1;1
CÁMARA;CISCO;PRECISION HD 1080P;1;1
CÁMARA;CISCO;TTC8-02;1;1
CÁMARA;LOGITECH;LOGITECH GRUOP;1;1
CÁMARA;YEALINK;UVC85;1;1
CÁMARA IP;AVER;CAM 550;1;1
DCN;BOSCH;BOSCH INT-TX08;1;1
DCN - INFRARROJOS;BOSCH;DCN INT TX08;1;1
DIGITAL SYSTEMCONVERSION;SAMSUNG;SV-5000W;1;1
DISTRIBUIDOR;CRESTRON;HD-DA4-4KZ-E;1;1
DISTRIBUIDOR;CRESTRON;HDPS-402;1;1
DISTRIBUIDOR;EXTRON;DA4 HD 4K PLUS;1;1
DISTRIBUIDOR;EXTRON;DTP HDMI 230 TX;1;1
DISTRIBUIDOR;EXTRON;DTP T DSW 4K 233;1;1
DISTRIBUIDOR;EXTRON;SW4 DVI A PLUS;1;1
DISTRIBUIDOR;EXTRON;SW4 HD 4K;1;1
DISTRIBUIDOR;KRAMER;DIP-31;1;1
DISTRIBUIDOR;SHURE;UA884SWB;1;1
DISTRIBUIDOR HDMI;EXTRON;HDMI D6;1;1
DISTRIBUIDOR HDMI;EXTRON;HDMI DA2;1;1
DISTRIBUIDOR VIDEO;CRESTRON;HD DA4 4KZ E;1;1
DISTRIBUIDOR VIDEO;EXTRON;DTP HD DA8 230;1;1
DISTRIBUIDOR VIDEO;KRAMER;VM-2HXL;1;1
DOCKING STATION;TARGUS;DOCK192;1;1
DOCKSTATION;TARGUS;DOCK180;1;1
DONGLE MSDISPLAY;MICROSOFT;WIRELESS DISPLAY ADAPTER;1;1
DONGLE MSDISPLAY;MICROSOFT;WIRELESS DISPLAY ADAPTER NUEVO;1;1
DSP;BIAMP;FORTÉ DAN VT4;1;1
DSP;Q-SYS;FLEX 8;1;1
DSP;TESIRA;TESIRA 12*8;1;1
DSP AUDIO;BIAMP;TESIRA FORTÉ AI;1;1
DSP AUDIO;CRESTRON;DSP-1283;1;1
DVC PRO;PANASONIC;AJ-D250;1;1
DVD;JVC;XV-N316;1;1
DVD;PIONNER;DV-340;1;1
DVS;EXTRON;DVS 605;1;1
EMBEBEDOR/DESEMBEBEDOR AUDIO;BLUESTREAM;HD11AU;1;1
EMBEBEDOR/DESESMBEBEDOR AUDIO;BLUESTREAM;HD11AU;1;1
EMISOR HDBASET;EXTRON;DTP HDMI 230 TX;1;1
EMISOR HDBASET;STC;RC5-CE;1;1
EMISOR USB;BLACK BOX;IC408A;1;1
EMISOR VÍDEO;CRESTRON;DM-NVX-360;1;1
EMISOR VÍDEO;CRESTRON;DM-NVX-D30;1;1
ESCALADOR;CRESTRON;HD-PS402;1;1
ESCALADOR;EXTRON;605.0;1;1
ESCALADOR;EXTRON;IN 1608XI;1;1
ESCALADOR;EXTRON;IN1606;1;1
ESCALADOR;EXTRON;IN1608XI;1;1
ESCALADOR;KRAMER;VP-440X;1;1
ESCALADOR;KRAMER;VP-461;1;1
ESCALADOR;KRAMER;VS 211XS;1;1
ESCALADOR ANEXO AUDITORIO;EXTRON;DVS 605A;1;1
ESCALADORA;EXTRON;IN1606;1;1
ETAPA DE POTENCIA;CRESTON;CPX 1500;1;1
ETAPA DE POTENCIA;CROWN;XLI 800;1;1
ETAPA DE POTENCIA;LDA;MAP6-100;1;1
ETAPA DE POTENCIA;RCS;BA - 120C;1;1
ETAPA POTENCIA;CREST;CPX 900;1;1
EXPANSIÓN MICRÓFONO;AVER;VC520;1;1
EXPANSOR;AMX;AMX EXB-COM2;1;1
EXTENSOR;ATEN;UE3310;1;1
EXTENSOR;GEFEN;EXT-DVI-1CAT5-SR-CO;1;1
EXTENSOR;GEFEN;EXTENDER FOR HDMI DTV S;1;1
EXTENSOR BYOD;YEALINK;MVC;1;1
EXTENSOR VIDEO;EXTRON;TX DTP3 R 201;1;1
GRABADOR;EXTRON;SMP 300;1;1
GRABADOR;MATROX;MONARCH LCS;1;1
GW.MIDI;ETC;RSN-MIDI-P;1;1
HANG OUTERS;POLYCOM;POLYCOMSTUDIO;1;1
HDMI EMBEBEDOR/DESEMBEBEDOR;BLUESTREAM;HD11AU;1;1
INTERFAZ AUDIO;FOCURSITE SCARLETT;18I8;1;1
IPAD;APPLE;MR7G2TY;1;1
KIT TECLADO Y RATÓN;LENOVO;KU-1619;1;1
KIT TECLADO Y RATÓN;LOGITECH;K750;1;1
KIT TECLADO Y RATÓN;LOGITECH;K850;1;1
KIT TECLADO Y RATÓN;LOGITECH;MX3200;1;1
KIT TECLADO Y RATÓN;LOGITECH;MX5500;1;1
KIT TECLADO Y RATÓN;LOGITECH;Y-RAL57;1;1
MALETA RACK PRENSA;PINANSON;SA SMC 32;1;1
MATRIZ;EXTRON;CROSSPOINT 84 4K;1;1
MATRIZ;EXTRON;DMP 128 PLUS;1;1
MATRIZ;EXTRON;DTP CROSSPOINT 1608 4K;1;1
MATRIZ;EXTRON;DTP CROSSPOINT 82 4K;1;1
MATRIZ;EXTRON;DTP CROSSPOINT 84 4K;1;1
MATRIZ;EXTRON;EXTRON CROSSPOINT 108 4K;1;1
MATRIZ;EXTRON;IN1608;1;1
MATRIZ;EXTRON;MMX 32 VGA A;1;1
MATRIZ;EXTRON;MVX SERIES;1;1
MATRIZ;LIGHTWARE;MMX8X8-HDMI-4K-A-USB20;1;1
MATRIZ;SHURE;ANIUSB-MATRIX;1;1
MATRIZ VIDEO;EXTRON;CROSSPOINT SERIES WITCHES;1;1
MATRIZ VIDEO;EXTRON;DTP CROSSPOINT 84 4K;1;1
MATRIZ VIDEO;EXTRON;DTP3 CROSSPOINT 884;1;1
MESA DE MEZCLAS;YAMAHA;01V96;1;1
MESA DE SONIDO;SOUNDCRAFT;EPM6.;1;1
MESA DE SONIDO;YAMAHA;01V96;1;1
MESA MEZCLAS;YAMAHA;01V96;1;1
MESA SONIDO;SOUNDCRAFT;SPIRIT DIGITAL 328;1;1
MEZCLADOR AUDIO;AUSTRALIAN MONITOR;AMIS 120;1;1
MEZCLADOR AUDIO;BIAMP;TESIRA FORTE VI;1;1
MEZCLADOR AUDIO;EXTRON;MVC 121 PLUS;1;1
MEZCLADOR AUDIO;QSC;Q-SYS CORE 11OF;1;1
MEZCLADOR AUDIO;QSC;Q-SYS CORE 8 FLEX;1;1
MEZCLADOR DE AUDIO;EXTRON;MVC 121;1;1
MEZCLADOR DE AUDIO;EXTRON;MVC-121 PLUS;1;1
MICRO LAVALIER;SHURE;SHURE 185;1;1
MICRO PETACA;SHURE;BLX-1 H8E;1;1
MICRO SETA CÁMARA;AVER;VC520 PRO SPKPH;1;1
MICROFONIA;SHURE;BLX88;1;1
MICROFONIA ATRIL;SHURE;MX418 D/C;1;1
MICROFONOS;SHURE;BLX1288/MX53;1;1
MICROFONÍA;SHURE;BLX1288/W85 COMBO S8;1;1
MICRÓFONO;AKG;HT40;1;1
MICRÓFONO;AUDIO-TECHNICA;ATND1061;1;1
MICRÓFONO;AVER;60U0100000AB;1;1
MICRÓFONO;BEYER DYNAMIC;TG 1000;1;1
MICRÓFONO;BIAMP;TESIRA PARLÉ TCM-1;1;1
MICRÓFONO;CISCO;TABLE 20 TTC5-06;1;1
MICRÓFONO;CISCO;TTC5-06;1;1
MICRÓFONO;DICENTIS;DCNM-WDE;1;1
MICRÓFONO;LOGITECH;989-000171;1;1
MICRÓFONO;LOGITECH;LOGITECH GRUOP;1;1
MICRÓFONO;OPUS;NE500;1;1
MICRÓFONO;SENNHEISER;HSP2 CLIP;1;1
MICRÓFONO;SENNHEISER;MKE 2-EW GOLD;1;1
MICRÓFONO;SENNHEISER;SKM 2000.;1;1
MICRÓFONO;SHURE;A412B;1;1
MICRÓFONO;SHURE;BLX1 HBE;1;1
MICRÓFONO;SHURE;BLX1 S8;1;1
MICRÓFONO;SHURE;BLX1288;1;1
MICRÓFONO;SHURE;BLX1288E;1;1
MICRÓFONO;SHURE;BLX1H8E;1;1
MICRÓFONO;SHURE;BLX2 H8E;1;1
MICRÓFONO;SHURE;BLX2 HBE;1;1
MICRÓFONO;SHURE;BLX88;1;1
MICRÓFONO;SHURE;MICROFLEX A412B;1;1
MICRÓFONO;SHURE;MX418 D/N;1;1
MICRÓFONO;SHURE;MX418/D;1;1
MICRÓFONO;SHURE;MX53;1;1
MICRÓFONO;SHURE;MXA920W;1;1
MICRÓFONO;SHURE;MXA920W DANTE;1;1
MICRÓFONO;SHURE;SHURE MXA310W;1;1
MICRÓFONO;SHURE;SM58;1;1
MICRÓFONO;YEALINK;CP50;1;1
MICRÓFONO;YEALINK;CPE40;1;1
MICRÓFONO MANO;SHURE;BLX2 H8E;1;1
MICRÓFONO MESA;CISCO;CISCO TELEPRESENCE TABLE MICROPHONE 20;1;1
MICRÓFONO MESA;CISCO;TABLE MICROPHONE MINI JACK (V2);1;1
MICRÓFONO MESA;CISCO;TTC5-06;1;1
MICRÓFONO SOLAPA;SHURE;BLX1 H8E;1;1
MICRÓFONO/ALTAVOZ;YEALINK;CPE50;1;1
MINI AMPLIFICADOR;ECLER;CA120;1;1
MIRRORING;APPLE;APPLE TV;1;1
MIRRORING;MICROSOFT;MS DISPLAY ADAPTER;1;1
MONITOR;ALBIRAL;17AIVM DVI;1;1
MONITOR;DELL;2407WFTB;1;1
MONITOR;DELL;P1917S;1;1
MONITOR;FLEX NEWLINE;FLEX - TT-2721;1;1
MONITOR;HP;E24 G4 FHD;1;1
MONITOR;LG;75XS4P-B;1;1
MONITOR;LG;FLATRON M3200C-SAF;1;1
MONITOR;NEWLINE;TT-2721AI0;1;1
MONITOR;PHILIPS;B-LINE 70BFL2214/12;1;1
MONITOR;PHILIPS;BRILLIANCE 19B1CB/00;1;1
MONITOR;SAMSUNG;713BM;1;1
MONITOR;SAMSUNG;QB55R;1;1
MONITOR;SAMSUNG;QB65R-B;1;1
MONITOR;SAMSUNG;QB75N;1;1
MONITOR;SAMSUNG;SYNCMASTER 320 PX;1;1
MONITOR;SAMSUNG;UE60J6200AK;1;1
MONITOR;SMARTPODIUM;ID422W;1;1
MONITOR;SONY;FWD 32LX1R;1;1
MONITOR;SONY;FWD- 46EX650P;1;1
MONITOR;SONY;SONY TV *01;1;1
MONITOR TRABAJO/REF.;DELL;E228WFPC;1;1
MONITOR TRABAJO/REF.;NEWLINE;S34A650UBU;1;1
MONITOR TRABAJO/REF.;SAMSUNG;LS34A650UBUXE;1;1
MONITOR TÁCTIL;AVOCOR;AV6530;1;1
MONITOR TÁCTIL;SAMSUNG;QB55R-B;1;1
MONITOR TÁCTIL;SMART;PODIUM 524;1;1
MONITOR TÁCTIL;SMART;PODIUM ID422W;1;1
MUEBLE;VOGELS;PVF 4112;1;1
MULTIVENTANA;BLUSTREAM;AMF41W;1;1
MULTIVENTANA;CRESTRON;HD-WP-4K-401-C;1;1
PANEL TACTIL;CISCO;ROOM NAVIGATOR;1;1
PANEL TÁCTIL;AMX;MST 701;1;1
PANEL TÁCTIL;AMX;MST-431I;1;1
PANEL TÁCTIL;AMX;MST-701I;1;1
PANEL TÁCTIL;AMX;MXT-701;1;1
PANEL TÁCTIL;CISCO;ROOM NAVIGATO;1;1
PANEL TÁCTIL;CISCO;TOUCH 10 TTC5-09;1;1
PANEL TÁCTIL;CISCO;WEBEX ROOM NAVIGATOR;1;1
PANEL TÁCTIL;CRESTON;LC 3000B;1;1
PANEL TÁCTIL;CRESTRON;TS-1070-B-S;1;1
PANEL TÁCTIL;CRESTRON;TS-770 (M201923005);1;1
PANEL TÁCTIL;CRESTRON;TSS-70;1;1
PANEL TÁCTIL;CRESTRON;TSW-1060-B-S;1;1
PANEL TÁCTIL;CRESTRON;TSW-760-B-S;1;1
PANTALLA;AVOCOR;AV6530;1;1
PANTALLA;AVOCOR;AVE8630;1;1
PANTALLA;HUAWEI;IFP-UG65;1;1
PANTALLA;NEW LINE LYRA;TT-5521Q;1;1
PANTALLA;PANASONIC;TH-42PF30ER;1;1
PANTALLA;PANASONIC;TH-50PF20ER;1;1
PANTALLA;PHILIPS;50PUS6162/12;1;1
PANTALLA;PLUS SCREEN;135” PE300-2WF;1;1
PANTALLA;SAMGUNG;QB65N;1;1
PANTALLA;SAMSUNG;320P;1;1
PANTALLA;SAMSUNG;75.0;1;1
PANTALLA;SAMSUNG;LH65QBHPLGC/EN- QB65H;1;1
PANTALLA;SAMSUNG;ME95C;1;1
PANTALLA;SAMSUNG;P0-A5-MON-65;1;1
PANTALLA;SAMSUNG;PS51D450A2WXXC;1;1
PANTALLA;SAMSUNG;Q875B;1;1
PANTALLA;SAMSUNG;QB75B;1;1
PANTALLA;SAMSUNG;QB75H;1;1
PANTALLA;SAMSUNG;QB85C;1;1
PANTALLA;SAMSUNG;QB875R;1;1
PANTALLA;SAMSUNG;QBC-65;1;1
PANTALLA;SAMSUNG;QM75C;1;1
PANTALLA;SAMSUNG;QM75R-B;1;1
PANTALLA;SAMSUNG;QM98T-B;1;1
PANTALLA;SAMSUNG;SYNCMASTER 710N;1;1
PANTALLA;SAMSUNG;UE40B6000;1;1
PANTALLA;SAMSUNG;UE60J6200AK;1;1
PANTALLA;SANSUNG;QB55R;1;1
PANTALLA;SANSUNG;QB65R-B;1;1
PANTALLA;SONY;BRAVIA65W855A;1;1
PANTALLA;SONY;BRAVIAKDL46EX653;1;1
PANTALLA;SONY;FW - X8570C;1;1
PANTALLA;SONY;FW-55XE8001;1;1
PANTALLA;SONY;KD 65X8505B;1;1
PANTALLA;SONY;KD-65X8505B;1;1
PANTALLA;SONY;KDL 65W855A;1;1
PANTALLA DE PROYECCIÓN;ELECOM 2;ELECOM-2 PRO;1;1
PANTALLA DE PROYECCIÓN;ELITESCREEN;PE300-2WCB;1;1
PANTALLA DE PROYECCIÓN;ELITESCREEN;PE300-2WCB PREMIUM FRONTAL;1;1
PANTALLA DE PROYECCIÓN;ELITESCREEN;SK110NXW-E10;1;1
PANTALLA DE PROYECCIÓN;ELITESCREEN;STARLING 120;1;1
PANTALLA DE PROYECCIÓN;INDETERMINADA;PANTALLAPROYECCIÓN;1;1
PANTALLA DE PROYECCIÓN;INDETERMINADA;PROYECCION INDETERMINADA;1;1
PANTALLA DE PROYECCIÓN;SPACE;ADTP_TO;1;1
PANTALLA DE PROYECCIÓN;SPACE;NP;1;1
PANTALLA ELÉCTRICA;ELITE SCREENS;ELECTRIC100XH;1;1
PANTALLA ELÉCTRICA;SCREEN LINE;SCREEN LINE;1;1
PANTALLA MECANIZADA;COMMTEC SCREEN;ELECTRIC MASTER II;1;1
PANTALLA RETROPROYECCIÓN;INDETERMINADO;PROYECCION INDETERMINADO;1;1
PANTALLA TÁCTIL;EXTRON;TLP PRO 1220 MG;1;1
PASADOR;BLUESTREAM;AMF41W;1;1
PASADOR;LOGITECH;1911LZ0A1MQ9;1;1
PASADOR;LOGITECH;LOGITECH R400;1;1
PASADOR;LOGITECH;R400;1;1
PASARELA;PLANET;ICS-110;1;1
PASARELA RELE;CRESTRON;CEN-IO-RY-104;1;1
PASARELA RELÉ;GUDE;EXPERT POWER CONTROL 2304-1;1;1
PASARELA RS232;CRESTRON;CEN-IO-COM-102;1;1
PC;FUJITSUSIEMENS;ESPRIMO;1;1
PC;HP;600 G4 DESKTOP MINI;1;1
PC;HP;600 G4 MINI;1;1
PC;HP;COMPAQ PRODESK 600 G4 DM;1;1
PC;HP;ELITE DESK 800 G5;1;1
PC;HP;ELITE DESK 800 G5 DESKTOP MINI;1;1
PC;HP;ELITEDESK 800 G3 MINI;1;1
PC;HP;ELITEDESK 800 G4 SFF;1;1
PC;HP;ELITEDESK SFF 800 G5;1;1
PC;HP;ELITEDESK SFF 800 G9;1;1
PC;HP;HP COMPAQ PRODESK 600 G4 DM;1;1
PC;HP;HP ELITE DESK 800 G5;1;1
PC;HP;HP PROBOOK 640 G2;1;1
PC;HP;PRODESK 600 G4 DM;1;1
PC;HP;PRODESK 600D4;1;1
PC;LENOVO;10V8S01F00;1;1
PC;LENOVO;910Q;1;1
PC;LENOVO;M10B4;1;1
PC;LENOVO;M10Q;1;1
PC;LENOVO;M70Q GEN5;1;1
PC;LENOVO;M72 I3;1;1
PC;LENOVO;M92P;1;1
PC;LENOVO;M93 I3;1;1
PC;LENOVO;M93 P;1;1
PC;LENOVO;THINKCARE M72E I3;1;1
PC;LENOVO;THINKCARE M73;1;1
PC;LENOVO;THINKCARE M93P;1;1
PC;LENOVO;THINKCENTRE M920;1;1
PC;LENOVO;THINKCENTRE M920 TINY;1;1
PC;LENOVO;TINY;1;1
PC;LENOVO TINY;THINKCENTRE M920Q;1;1
PC;PT;PT;1;1
PC SALA;HP;HP PRODESK;1;1
PC SALA;LENOVO;M920Q;1;1
PIZARRA INTERACTIVA;LOGITECH;LOGITECH SCRIBE;1;1
PORTATIL;HP;PROBOOK 640;1;1
PRESENTADOR;BARCO;CLICK SHARE;1;1
PRESENTATION PDD;YEALINK;WPP3D;1;1
PREVIO AUDIO USB;BOSE;TONEMATCH T1;1;1
PREVIO BEHRINGER;BEHRINGER;ULTRAGAIN PRO 8 DIGITAL (ADA8000);1;1
PROCESADOR AUDIO;BIAMP;TARJETA DANTE;1;1
PROCESADOR AUDIO;BIAMP;TESIRA CONNECT TC-5;1;1
PROCESADOR AUDIO;BIAMP;TESIRA CONNECT TC5;1;1
PROCESADOR AUDIO;BIAMP;TESIRA FORTE DAN-CI;1;1
PROCESADOR AUDIO;BIAMP;TESIRA FORTE VI;1;1
PROCESADOR AUDIO;BIAMP;TESIRAFORTÉ AVB CI.;1;1
PROCESADOR AUDIO;BIAMP;TESIRAFORTÉ CI;1;1
PROCESADOR AUDIO;Q-SYS;CORE 8 FLEX;1;1
PROCESADOR AUDIO;QSC;CORE 24 F;1;1
PROCESADOR AUDIO;TESIRA;TESIRA FORTE VI;1;1
PROCESADOR CONTROL IP;EXTRON;IPCP PRO 250;1;1
PROCESADOR DE AUDIO;BIAMP;TESIRA;1;1
PROCESADOR DE AUDIO;BIAMP;TESIRA FORTE;1;1
PROCESADOR DE AUDIO;BIAMP;TESIRAFORTE AI;1;1
PROCESADOR DE AUDIO;BIAMP;TESIRAFORTE AVB VT4;1;1
PROYECTOR;EMP-1825;KG5F8Y0246L;1;1
PROYECTOR;EPSON;1825 3LCD;1;1
PROYECTOR;EPSON;1915.0;1;1
PROYECTOR;EPSON;1985WU;1;1
PROYECTOR;EPSON;EB 1955;1;1
PROYECTOR;EPSON;EB- 1985WU;1;1
PROYECTOR;EPSON;EB- 810E;1;1
PROYECTOR;EPSON;EB-1485F;1;1
PROYECTOR;EPSON;EB-1825;1;1
PROYECTOR;EPSON;EB-1985WU;1;1
PROYECTOR;EPSON;EB-2040;1;1
PROYECTOR;EPSON;EB-700U;1;1
PROYECTOR;EPSON;EB-805F;1;1
PROYECTOR;EPSON;EB-L610U;1;1
PROYECTOR;EPSON;EB1830;1;1
PROYECTOR;EPSON;EB1915;1;1
PROYECTOR;EPSON;EB1985WU;1;1
PROYECTOR;EPSON;EMP 1815;1;1
PROYECTOR;EPSON;EMP-1825;1;1
PROYECTOR;EPSON;EMP-830;1;1
PROYECTOR;EPSON;EMP830;1;1
PROYECTOR;EPSON;NP;1;1
PROYECTOR;HITACHI;CP-RX94;1;1
PROYECTOR;MITSUBISHI;X400BU;1;1
PROYECTOR;MITSUBISHI;XL9U;1;1
PROYECTOR;NEC;P605UL;1;1
PROYECTOR;NEC;P627UL;1;1
PROYECTOR;PANASONIC;PT-VMZ61;1;1
PROYECTOR;SONY;VPL PHZ10;1;1
PROYECTOR;SONY;VPL-FHZ131L;1;1
PROYECTOR;SONY;VPL-FHZ700L;1;1
PROYECTOR;TOSHIBA;T350;1;1
PROYECTOR;TOSHIBA;TDP-T355;1;1
PROYECTOR;VPL;VPL-PHZ10;1;1
PUPITRE;BOSCH;DCN-IDESK-D;1;1
RADIADOR IR;BOSCH;LBB4511/00;1;1
RATÓN;LOGITECH;LOGITECH MX 3200 LASER;1;1
RATÓN INALÁMBRICO;LOGITECH;MX5500 REVOLUTION;1;1
RECEPTOR;EXTRON;DTP 60-1271-13;1;1
RECEPTOR;EXTRON;DTP HDMI 230 RX;1;1
RECEPTOR;SENHEISER;SENHEISER EM2050;1;1
RECEPTOR;SHURE;SLX D4D;1;1
RECEPTOR AUDIO;SHURE;BLX88 RECEPTOR;1;1
RECEPTOR HDBASET;CRESTRON;HD-RX-101-C-E;1;1
RECEPTOR HDBASET;SCT;RC5-HE;1;1
RECEPTOR INALÁMBRICO;BEYER DYNAMIC;TG1000;1;1
RECEPTOR MICROFONO;SHURE;BLX1288E/W85-H8E;1;1
RECEPTOR MICROFONÍA;AKG;SR40 FLEXX PRO DIVERSITY;1;1
RECEPTOR MICROFONÍA;SHURE;BLX88 HBE;1;1
RECEPTOR MICRÓFONO;SENNHEISER;EW300 G3;1;1
RECEPTOR MICRÓFONO;SHURE;BG58;1;1
RECEPTOR MICRÓFONO;SHURE;BLX1;1;1
RECEPTOR MICRÓFONO;SHURE;SLX4 L4 (638-662 MHZ);1;1
RECEPTOR USB;BLACK BOX;IC408A;1;1
RECEPTOR VÍDEO;CRESTRON;DM-NVX-D363;1;1
RECEPTOR VÍDEO;CRESTRON;DM-TRRX-100-STR;1;1
RECEPTOR VÍDEO;CRESTRON;HD-RXC-4KZ-101;1;1
ROUTINGSWITCHER;KNOX;RS16*16HB;1;1
SELECTOR;EXTRON;DTP T DSW 4K 233;1;1
SELECTOR;EXTRON;IN1604 HD;1;1
SELECTOR;EXTRON;IN1606;1;1
SELECTOR;EXTRON;IN1608;1;1
SELECTOR CONMUTADOR VGA;EXTRON;SW2 VGA DA2A;1;1
SEÑALÉTICA;STEELCASE;ROOMWIZARD II;1;1
SIN CATEGORIA;LENOVO;THINKCENTRE M920Q;1;1
SIN CATEGORIA;LOGITECH;PERFORMANCE MX;1;1
SISTEMA DE DEBATE;BEYER DINAMIC;ORBIS CU;1;1
SISTEMA MICROFONÍA;SHURE;BLX1288;1;1
SOPORTE;VOGELS;MRF-1RP4;1;1
SOPORTE;VOGELS;PPC1585;1;1
SOPORTE;VOGELS;PVA 5070;1;1
SOPORTE CÁMARA;VOGELS;SOUND 3550;1;1
SOPORTE DE PIE;VOGELS;FD 2064S;1;1
SOPORTE PANTALLA;DIMASA;FLEXR;1;1
SOPORTE PANTALLA;EDUSTAND;EDUMOVE;1;1
SOPORTE PARED;EXTRON;UTS 100;1;1
SOPORTE PIE;VOGELS;T1844B;1;1
SOPORTE PROYECTOR;VOGELS;PPC 1555;1;1
SOPORTE PROYECTOR;VOGELS;PPC1585;1;1
SOUND STATION;AVER;VC520+;1;1
SOUNSTATION;LOGITECH;886-000056;1;1
SP DANTE;Q-SYS;CORE 8 FLEX;1;1
SPLITER;PINANSON;P740603;1;1
SPLITTER PRENSA;PINANSON;SPP X12;1;1
STEREO DOUBLE CASSETTE DECK;PIONEER;CT-W208R;1;1
SUPRESOR FEEDBACK;DBX;AFS 224;1;1
SWITCH;NETGEAR;GS308PP;1;1
SWITCH;NETGEAR;GSM 4212UX;1;1
SWITCH 4X1 (RACK);CRESTRON;HD-MD4X1-4K-E;1;1
SWITCH/SELECTOR;EXTRON;MVX SERIES;1;1
SWITCHER;D LINK;DGS – 1008 MP;1;1
SWITCHER;NETGEAR;GS305EPP;1;1
TARJETA DANTE;EXTRON;EXTRON AXI 44 AT;1;1
TARJETA SONIDO EXTERNA;M-AUDIO;BLX1288/MX53;1;1
TECLADO;LOGITECH;K400 PLUS;1;1
TECLADO;LOGITECH;MK700;1;1
TECLADO;LOGITECH;MX5500 REVOLUTION;1;1
TECLADO;LOGITECH;NP;1;1
TECLADO/RATÓN;LOGITECH;K400;1;1
TECLADO/RATÓN;LOGITECH;K400 PLUS TV;1;1
TECLADO/RATÓN;LOGITECH;K850;1;1
TECLADO/RATÓN;LOGITECH;MX 3200 LÁSER;1;1
TECLADO/RATÓN;LOGITECH;MX3200;1;1
TELÉFONO;CISCO IP;NP;1;1
TELÉFONO IP;CISCO;CP-7961;1;1
TELÉFONO IP;CISCO;CP-7975G;1;1
TOTEM;DIMASA;CONRUEDAS;1;1
TOTEM;DIMASA;FLEX-R;1;1
TOTEM;FONESTAR;STS-40106P;1;1
TOTEM;INDETERMINADO;CONRUEDAS;1;1
TOTEM;INDETERMINADO;SINRUEDAS;1;1
TOTEM;SERYSTILU;HILTON C2P2;1;1
TOTEM;VOGELS;SIN RUEDAS;1;1
TOTEM MONITOR;VOGELS;T1844B;1;1
TOTEM PANTALLA;DIMASA;FLEX -R;1;1
TOTEM PANTALLA;FONESTAR;CONRUEDAS;1;1
TOTEM PANTALLA;INDETERMINADA;SINRUEDAS;1;1
TOTEM PANTALLA;INDETERMINADO;CONRUEDAS;1;1
TOTEM PANTALLA;SERI STYLU;HILTON C2P2;1;1
TOTEM PANTALLA;VOGEL;CON RUEDAS;1;1
TOTEM PANTALLA;VOGELS;FD2064S;1;1
TOTEM PANTALLA;VOGELS;PUC 2718S;1;1
TOTEM PANTALLA;VOGEL´S;PIE SIN RUEDAS;1;1
TRANSMISOR;EXTRON;DTP HDMI 4K 230 TX;1;1
TRANSMISOR;SENNHEISER;BT T100;1;1
TRANSMISOR AUDIO;EXTRON;HAE 100;1;1
TRANSMISOR AUDIO;SHURE;SLXD1;1;1
TRANSMISOR VIDEO;CRESTRON;DM-NVX-E20;1;1
TRANSMISOR VÍDEO;CRESTRON;DM-NVX 360;1;1
TRANSMISOR VÍDEO;CRESTRON;DM-NVX D363;1;1
TRANSMISOR VÍDEO;CRESTRON;DM-TRRX-100-STR;1;1
TRANSMISOR VÍDEO;CRESTRON;HDRX101C-E;1;1
TÓTEM;DIMASA;MIF FLEX;1;1
TÓTEM;HILTON;C2P2;1;1
TÓTEM;NORTHBAYOU;AVA1500-60-1P;1;1
TÓTEM PANTALLA;DIMASA;MIF-FLEX;1;1
TÓTEM PIE CON RUEDAS;STYLU;HILTON C2P2;1;1
UNIDAD CONTROL MICROFONÍA;BOSCH;DCN - CCU LBB 4100/00;1;1
UNIDAD CONTROL MICROFONÍA;BOSCH;DCN-CCUB-2;1;1
UNIDAD CONTROL MICROFONÍA;BOSCH;INT-TX08;1;1
UNIDAD CONTROL MICROFONÍA;BOSCH;LBB4402/00;1;1
VIDEOCONFERENCIA;AVER;VB342;1;1
VIDEOCONFERENCIA;CISCO;BOARD 55;1;1
VIDEOCONFERENCIA;CISCO;BOARD PRO 55 G2;1;1
VIDEOCONFERENCIA;CISCO;CISCO CODEC PLUS;1;1
VIDEOCONFERENCIA;CISCO;CISCO IP CONFERENCE STATION 7937;1;1
VIDEOCONFERENCIA;CISCO;CISCO ROOM BAR PRO;1;1
VIDEOCONFERENCIA;CISCO;CS-DESKMINI-K9;1;1
VIDEOCONFERENCIA;CISCO;MX 300;1;1
VIDEOCONFERENCIA;CISCO;ROOM 55;1;1
VIDEOCONFERENCIA;CISCO;ROOMBAR PRO;1;1
VIDEOCONFERENCIA;CISCO;SPARK ROOM KIT PLUS;1;1
VIDEOCONFERENCIA;CISCO;WEBEX BOARD PRO;1;1
VIDEOCONFERENCIA;CISCO;WEBEX ROOM 70 SINGLE;1;1
VIDEOCONFERENCIA;CRESTRON;UC-B30-T;1;1
VIDEOCONFERENCIA;CRESTRON;UC-SB1-CAM;1;1
VIDEOCONFERENCIA;JABRA;PANACAST 50;1;1
VIDEOCONFERENCIA;LOGITECH;GRUPO LOGITECH;1;1
VIDEOCONFERENCIA;YEALINK;MEETING BAR A40;1;1
VIDEOCONFERENCIA;YEALINK;UVC85;1;1
VIDEOWALL;UNILUMIN;SMD 1,5;1;1
WEBCAM;LOGITECH;C 170;1;1
WEBCAM;LOGITECH;HD C920;1;1
WEBCAM;LOGITECH;PRO5000;1;1
WEBCAM;LOGITECH;QUICKCAM PRO 5000;1;1
↳CONTROLADORA;CRESTRON;CP4N;1;1
↳CONTROLADORA VW;DATAPATH;VSN1172;1;1
↳TARJETA DANTE;QSC;CORE 24 F;1;1
